﻿Kira,Alan,Oda Sayısı,Banyo Sayısı,Bina Yaşı,Isıtma Tipi,Balkon Durumu,Eşya Durumu,Site İçerisinde
8000,60,1+1,1,0 (Yeni),Merkezi Doğalgaz,Var,Boş,Evet
4000,95,3+1,2,21 Ve Üzeri,Kombi Doğalgaz,Var,Boş,Hayır
6000,80,2+1,1,21 Ve Üzeri,Kombi Doğalgaz,Var,Boş,Hayır
12500,105,2+1,1,21 Ve Üzeri,Merkezi Doğalgaz,Yok,Eşyalı,Hayır
4000,36,1+1,1,21 Ve Üzeri,Merkezi Doğalgaz,Yok,Boş,Hayır
7000,280,5+2,3,21 Ve Üzeri,Kombi Doğalgaz,Var,Boş,Hayır
38500,245,4+1,2,5-10,Kombi Doğalgaz,Var,Eşyalı,Evet
8000,95,3+1,2,11-15,Kombi Doğalgaz,Yok,Boş,Hayır
21500,220,4+1,2,21 Ve Üzeri,Kombi Doğalgaz,Yok,Eşyalı,Hayır
3500,85,2+1,1,21 Ve Üzeri,Kombi Doğalgaz,Yok,Boş,Hayır
6500,105,2+1,1,21 Ve Üzeri,Merkezi Doğalgaz,Var,Boş,Hayır
13000,120,2+1,2,0 (Yeni),Kombi Doğalgaz,Yok,Boş,Hayır
15000,140,3+1,2,21 Ve Üzeri,Kombi Doğalgaz,Yok,Eşyalı,Hayır
6400,120,3+1,1,21 Ve Üzeri,Merkezi Doğalgaz,Yok,Boş,Hayır
5500,45,1+1,1,2,Merkezi (Pay Ölçer),Yok,Eşyalı,Evet
6000,47,1+1,1,21 Ve Üzeri,Merkezi Doğalgaz,Yok,Eşyalı,Hayır
7500,135,3+1,1,21 Ve Üzeri,Merkezi Doğalgaz,Yok,Boş,Hayır
1600,55,1+1,1,5-10,Klimalı,Yok,Eşyalı,Hayır
1250,45,Stüdyo,1,5-10,Klimalı,Yok,Eşyalı,Hayır
15000,75,2+1,1,5-10,Merkezi Doğalgaz,Var,Eşyalı,Evet
6500,125,3+1,2,21 Ve Üzeri,Kombi Doğalgaz,Var,Boş,Hayır
12000,142,4+1,2,21 Ve Üzeri,Kombi Doğalgaz,Var,Boş,Hayır
7500,100,3+1,2,0 (Yeni),Kombi Doğalgaz,Var,Boş,Hayır
11000,130,3+1,1,0 (Yeni),Kombi Doğalgaz,Yok,Boş,Hayır
6500,150,3+1,1,21 Ve Üzeri,Kombi Doğalgaz,Var,Boş,Hayır
7250,110,3+1,1,21 Ve Üzeri,Kombi Doğalgaz,Yok,Boş,Hayır
8000,105,3+1,2,11-15,Kombi Doğalgaz,Var,Boş,Hayır
6250,90,2+1,1,21 Ve Üzeri,Kombi Doğalgaz,Yok,Boş,Hayır
10500,160,3+1,2,21 Ve Üzeri,Kombi Doğalgaz,Var,Boş,Hayır
7000,100,3+1,1,21 Ve Üzeri,Merkezi Doğalgaz,Yok,Boş,Hayır
4950,35,1+1,1,3,Merkezi (Pay Ölçer),Yok,Eşyalı,Evet
15500,200,6+1,1,21 Ve Üzeri,Kombi Doğalgaz,Yok,Boş,Hayır
15500,170,3+1,2,16-20,Kombi Doğalgaz,Yok,Boş,Hayır
7000,53,1+1,1,0 (Yeni),Merkezi (Pay Ölçer),Yok,Boş,Hayır
8000,100,3+1,2,11-15,Kombi Doğalgaz,Var,Boş,Hayır
9500,68,1+1,1,3,Klimalı,Yok,Boş,Evet
7500,130,3+1,1,21 Ve Üzeri,Kombi Doğalgaz,Var,Boş,Hayır
5750,90,2+1,1,21 Ve Üzeri,Merkezi Doğalgaz,Yok,Eşyalı,Hayır
9000,180,4+1,1,21 Ve Üzeri,Kombi Doğalgaz,Var,Boş,Hayır
8000,150,3+1,1,21 Ve Üzeri,Kombi Doğalgaz,Yok,Eşyalı,Hayır
6250,105,3+1,1,21 Ve Üzeri,Merkezi Doğalgaz,Var,Boş,Hayır
13000,110,3+1,1,21 Ve Üzeri,Kombi Doğalgaz,Var,Boş,Hayır
15000,150,3+1,2,11-15,Kombi Doğalgaz,Var,Boş,Hayır
15000,80,2+1,1,5-10,Merkezi (Pay Ölçer),Yok,Eşyalı,Evet
5500,130,3+1,1,11-15,Kombi Doğalgaz,Var,Boş,Hayır
6000,120,3+1,1,21 Ve Üzeri,Kombi Doğalgaz,Var,Boş,Hayır
16500,200,4+1,2,11-15,Kombi Doğalgaz,Var,Eşyalı,Hayır
6500,110,3+1,1,21 Ve Üzeri,Merkezi Doğalgaz,Var,Boş,Evet
8500,90,2+1,1,0 (Yeni),Kombi Doğalgaz,Var,Boş,Hayır
21500,320,4+2,3,21 Ve Üzeri,Merkezi Doğalgaz,Yok,Eşyalı,Hayır
3000,60,Stüdyo,1,21 Ve Üzeri,Kombi Doğalgaz,Yok,Boş,Hayır
5500,89,3+1,1,21 Ve Üzeri,Merkezi Doğalgaz,Var,Eşyalı,Hayır
4000,60,2+1,1,21 Ve Üzeri,Kombi Doğalgaz,Var,Eşyalı,Hayır
6500,90,2+1,1,1,Kombi Doğalgaz,Yok,Boş,Hayır
25000,380,4.5+1,5,5-10,Kombi Doğalgaz,Yok,Boş,Hayır
9500,85,2+1,1,0 (Yeni),Merkezi (Pay Ölçer),Yok,Boş,Hayır
4750,105,3+1,2,21 Ve Üzeri,Kombi Doğalgaz,Yok,Boş,Hayır
6250,90,2+1,1,21 Ve Üzeri,Kombi Doğalgaz,Yok,Boş,Hayır
11750,230,5+1,3,21 Ve Üzeri,Kombi Doğalgaz,Yok,Boş,Hayır
5000,27,1+1,1,0 (Yeni),Merkezi (Pay Ölçer),Yok,Boş,Hayır
5000,27,1+1,1,0 (Yeni),Merkezi (Pay Ölçer),Yok,Boş,Hayır
12500,75,2+1,1,5-10,Merkezi (Pay Ölçer),Yok,Boş,Hayır
6500,52,1.5+1,1,0 (Yeni),Merkezi (Pay Ölçer),Yok,Boş,Hayır
3500,90,2+1,1,21 Ve Üzeri,Kombi Doğalgaz,Yok,Boş,Hayır
6500,61,1+1,1,0 (Yeni),Merkezi (Pay Ölçer),Yok,Boş,Hayır
27500,140,2+1,2,4,Yerden Isıtma,Yok,Boş,Hayır
6000,150,3+1,2,21 Ve Üzeri,Merkezi Doğalgaz,Var,Boş,Hayır
4500,95,3+1,1,21 Ve Üzeri,Merkezi Doğalgaz,Yok,Boş,Hayır
13000,91,2+1,1,0 (Yeni),Merkezi (Pay Ölçer),Yok,Boş,Hayır
7500,64,2+1,1,0 (Yeni),Merkezi (Pay Ölçer),Yok,Boş,Hayır
7000,64,1+1,1,0 (Yeni),Merkezi (Pay Ölçer),Yok,Boş,Hayır
32500,220,4+1,2,11-15,Kombi Doğalgaz,Yok,Boş,Hayır
7500,70,1+1,1,0 (Yeni),Kombi Doğalgaz,Var,Boş,Hayır
20000,230,3+2,2,11-15,Kombi Doğalgaz,Var,Boş,Hayır
33000,350,6+2,4,4,Kombi Doğalgaz,Yok,Boş,Hayır
35000,450,6+2,2,21 Ve Üzeri,Kombi Doğalgaz,Yok,Boş,Hayır
11000,200,3+1,2,21 Ve Üzeri,Merkezi Doğalgaz,Yok,Boş,Hayır
15000,130,3+1,2,5-10,Kombi Doğalgaz,Yok,Boş,Hayır
10000,150,3+1,1,21 Ve Üzeri,Kombi Doğalgaz,Yok,Boş,Hayır
17500,170,3+1,1,21 Ve Üzeri,Kombi Doğalgaz,Var,Boş,Hayır
7500,150,3+1,1,21 Ve Üzeri,Kombi Doğalgaz,Var,Boş,Hayır
33000,330,6+2,4,1,Kombi Doğalgaz,Yok,Boş,Hayır
3750,85,2+1,1,21 Ve Üzeri,Kombi Doğalgaz,Yok,Boş,Hayır
10000,105,3+1,1,21 Ve Üzeri,Kombi Doğalgaz,Yok,Boş,Hayır
6500,80,2+1,1,21 Ve Üzeri,Kombi Doğalgaz,Var,Eşyalı,Hayır
6500,80,2+1,1,21 Ve Üzeri,Kombi Doğalgaz,Var,Eşyalı,Hayır
4500,120,2+1,1,21 Ve Üzeri,Merkezi Doğalgaz,Var,Boş,Hayır
15000,230,4+1,1,11-15,Kombi Doğalgaz,Yok,Eşyalı,Hayır
7000,110,3+1,1,21 Ve Üzeri,Merkezi Doğalgaz,Yok,Boş,Hayır
10000,180,4+2,2,4,Kombi Doğalgaz,Var,Eşyalı,Hayır
5500,120,3+1,1,21 Ve Üzeri,Kombi Doğalgaz,Var,Boş,Hayır
6200,115,3+1,1,21 Ve Üzeri,Kombi Doğalgaz,Var,Boş,Hayır
6000,95,2+1,1,11-15,Kombi Doğalgaz,Yok,Boş,Hayır
5500,75,2+1,1,21 Ve Üzeri,Kombi Doğalgaz,Var,Eşyalı,Hayır
12000,170,3+1,2,21 Ve Üzeri,Kombi Doğalgaz,Yok,Boş,Hayır
21000,250,4+1,2,11-15,Kombi Doğalgaz,Yok,Eşyalı,Hayır
4250,120,3+1,2,21 Ve Üzeri,Kombi Doğalgaz,Var,Boş,Evet
4500,37,1+1,1,21 Ve Üzeri,Merkezi Doğalgaz,Yok,Eşyalı,Evet
12500,230,5+1,3,21 Ve Üzeri,Kombi Doğalgaz,Var,Boş,Hayır
13500,230,4+1,2,21 Ve Üzeri,Merkezi (Pay Ölçer),Var,Boş,Hayır
37000,207,3+1,2,4,Yerden Isıtma,Var,Boş,Evet
5000,52,1+1,1,0 (Yeni),Merkezi (Pay Ölçer),Yok,Boş,Hayır
25000,270,3+1,3,11-15,Kombi Doğalgaz,Yok,Eşyalı,Hayır
7200,102,2+1,1,21 Ve Üzeri,Merkezi Doğalgaz,Var,Boş,Evet
4800,100,3+1,1,21 Ve Üzeri,Kombi Doğalgaz,Var,Boş,Hayır
6750,150,2+1,1,21 Ve Üzeri,Kombi Doğalgaz,Yok,Boş,Hayır
11500,165,3+1,1,11-15,Kombi Doğalgaz,Yok,Boş,Hayır
22000,220,3+1,2,11-15,Kombi Doğalgaz,Yok,Boş,Hayır
10500,280,4+2,2,21 Ve Üzeri,Kombi Doğalgaz,Yok,Boş,Hayır
19500,125,3+1,2,21 Ve Üzeri,Kombi Doğalgaz,Var,Boş,Hayır
28500,260,4+1,2,5-10,Kombi Doğalgaz,Var,Boş,Evet
5000,80,2+1,1,21 Ve Üzeri,Merkezi Doğalgaz,Yok,Eşyalı,Hayır
13000,180,4+1,3,0 (Yeni),Kombi Doğalgaz,Yok,Boş,Hayır
8300,119,3+1,2,4,Merkezi (Pay Ölçer),Yok,Boş,Hayır
4800,110,2+1,1,21 Ve Üzeri,Kombi Doğalgaz,Var,Boş,Hayır
4700,100,2+1,1,21 Ve Üzeri,Kombi Doğalgaz,Yok,Boş,Hayır
14000,160,3+1,2,11-15,Kombi Doğalgaz,Yok,Boş,Hayır
12500,240,4+1,3,11-15,Kombi Doğalgaz,Yok,Boş,Hayır
15000,250,4+1,2,11-15,Kombi Doğalgaz,Yok,Boş,Hayır
19000,300,5+1,3,21 Ve Üzeri,Kombi Doğalgaz,Yok,Boş,Hayır
5500,110,2+1,1,21 Ve Üzeri,Kombi Doğalgaz,Yok,Boş,Hayır
6500,140,3+1,1,21 Ve Üzeri,Kombi Doğalgaz,Yok,Boş,Hayır
8000,160,3+1,2,21 Ve Üzeri,Kombi Doğalgaz,Yok,Boş,Hayır
10500,160,3+1,3,3,Yerden Isıtma,Var,Boş,Evet
25000,300,6+2,3,21 Ve Üzeri,Kombi Doğalgaz,Var,Boş,Hayır
8000,180,3+1,2,21 Ve Üzeri,Kombi Doğalgaz,Yok,Boş,Hayır
7500,70,2+1,1,0 (Yeni),Kombi Doğalgaz,Yok,Boş,Hayır
28500,200,4+1,2,11-15,Kombi Doğalgaz,Yok,Boş,Hayır
13500,230,4+1,2,21 Ve Üzeri,Merkezi (Pay Ölçer),Var,Boş,Hayır
25000,260,4+1,3,11-15,Kombi Doğalgaz,Var,Boş,Hayır
15950,240,3+1,1,11-15,Kombi Doğalgaz,Yok,Boş,Hayır
12500,120,3+1,1,21 Ve Üzeri,Kombi Doğalgaz,Yok,Eşyalı,Hayır
17500,140,3+1,2,21 Ve Üzeri,Yerden Isıtma,Yok,Boş,Hayır
12000,210,4+1,2,11-15,Kombi Doğalgaz,Yok,Boş,Hayır
13500,250,4+1,3,21 Ve Üzeri,Kombi Doğalgaz,Yok,Boş,Hayır
18000,190,4+1,2,5-10,Kombi Doğalgaz,Yok,Boş,Hayır
15000,140,3+1,1,21 Ve Üzeri,Kombi Doğalgaz,Var,Boş,Hayır
8000,170,3+1,1,21 Ve Üzeri,Kombi Doğalgaz,Yok,Boş,Hayır
30000,170,3+1,2,4,Yerden Isıtma,Yok,Boş,Hayır
25000,320,6+2,3,21 Ve Üzeri,Kombi Doğalgaz,Yok,Boş,Hayır
12000,300,5+1,2,21 Ve Üzeri,Kombi Doğalgaz,Yok,Boş,Hayır
6500,150,3+1,2,21 Ve Üzeri,Merkezi (Pay Ölçer),Yok,Boş,Hayır
4000,27,1+1,1,0 (Yeni),Merkezi (Pay Ölçer),Yok,Boş,Hayır
5750,130,3+1,1,21 Ve Üzeri,Kombi Doğalgaz,Yok,Boş,Hayır
6500,140,3+1,1,21 Ve Üzeri,Kombi Doğalgaz,Yok,Boş,Hayır
7500,67,2+1,1,0 (Yeni),Merkezi (Pay Ölçer),Yok,Boş,Hayır
22000,320,5+2,4,21 Ve Üzeri,Kombi Doğalgaz,Yok,Boş,Hayır
5400,55,1+1,1,3,Merkezi (Pay Ölçer),Yok,Eşyalı,Hayır
10000,90,1+1,1,0 (Yeni),Merkezi Doğalgaz,Yok,Boş,Hayır
30000,171,3+1,2,4,Yerden Isıtma,Yok,Boş,Hayır
9500,135,3+1,2,21 Ve Üzeri,Merkezi Doğalgaz,Yok,Boş,Hayır
5500,140,3+1,1,21 Ve Üzeri,Kombi Doğalgaz,Yok,Boş,Hayır
3650,80,2+1,1,2,Kombi Doğalgaz,Yok,Boş,Hayır
35000,210,4+1,2,11-15,Kombi Doğalgaz,Yok,Boş,Hayır
7500,83,2+1,1,0 (Yeni),Merkezi (Pay Ölçer),Yok,Boş,Hayır
5400,55,1+1,1,3,Merkezi (Pay Ölçer),Yok,Eşyalı,Hayır
3500,50,1+1,1,21 Ve Üzeri,Isıtma Yok,Yok,Eşyalı,Hayır
7000,150,3+1,2,11-15,Kombi Doğalgaz,Yok,Boş,Hayır
12500,180,3+1,2,3,Kombi Doğalgaz,Yok,Boş,Hayır
16000,230,3+1,1,21 Ve Üzeri,Kombi Doğalgaz,Yok,Boş,Hayır
13500,170,4+1,2,21 Ve Üzeri,Kombi Doğalgaz,Yok,Boş,Hayır
13500,180,4+1,2,11-15,Kombi Doğalgaz,Yok,Eşyalı,Hayır
3600,27,1+1,1,0 (Yeni),Merkezi (Pay Ölçer),Yok,Boş,Hayır
30000,220,4+1,2,11-15,Kombi Doğalgaz,Yok,Boş,Hayır
4600,80,2+1,1,21 Ve Üzeri,Merkezi Doğalgaz,Var,Boş,Hayır
14000,150,3+1,2,11-15,Kombi Doğalgaz,Yok,Boş,Hayır
13500,350,6+2,4,21 Ve Üzeri,Kombi Doğalgaz,Yok,Boş,Hayır
7500,160,3+1,2,21 Ve Üzeri,Kombi Doğalgaz,Yok,Boş,Hayır
12250,250,4+1,2,11-15,Kombi Doğalgaz,Yok,Boş,Hayır
9000,200,4+1,2,11-15,Kombi Doğalgaz,Yok,Boş,Hayır
11000,220,3+1,2,11-15,Kombi Doğalgaz,Yok,Boş,Hayır
15500,200,4+1,2,5-10,Kombi Doğalgaz,Yok,Boş,Hayır
12500,230,4+1,2,11-15,Kombi Doğalgaz,Yok,Boş,Hayır
7000,155,3+1,2,21 Ve Üzeri,Kombi Doğalgaz,Yok,Boş,Hayır
18500,220,5+2,4,0 (Yeni),Kombi Doğalgaz,Yok,Boş,Hayır
11000,200,5+2,2,21 Ve Üzeri,Kombi Doğalgaz,Yok,Boş,Hayır
12500,175,4+1,2,11-15,Kombi Doğalgaz,Yok,Eşyalı,Hayır
4500,100,3+1,1,21 Ve Üzeri,Kombi Doğalgaz,Yok,Boş,Hayır
9000,220,4+1,2,11-15,Kombi Doğalgaz,Yok,Boş,Hayır
4200,120,3+1,2,21 Ve Üzeri,Kombi Doğalgaz,Yok,Boş,Hayır
6200,130,3+1,1,21 Ve Üzeri,Kombi Doğalgaz,Yok,Boş,Hayır
8250,165,4+1,2,11-15,Kombi Doğalgaz,Yok,Boş,Hayır
13500,220,4+1,2,11-15,Kombi Doğalgaz,Yok,Boş,Hayır
17500,240,3+2,3,5-10,Kombi Doğalgaz,Yok,Boş,Hayır
12500,200,4+1,2,21 Ve Üzeri,Kombi Doğalgaz,Yok,Eşyalı,Hayır
10000,90,2+1,2,21 Ve Üzeri,Kombi Doğalgaz,Yok,Eşyalı,Hayır
9500,200,4+1,2,11-15,Kombi Doğalgaz,Yok,Boş,Hayır
7500,170,3+1,2,21 Ve Üzeri,Kombi Doğalgaz,Yok,Boş,Hayır
8250,180,4+1,2,21 Ve Üzeri,Kombi Doğalgaz,Yok,Boş,Hayır
6000,130,3+1,1,21 Ve Üzeri,Kombi Doğalgaz,Yok,Boş,Hayır
35000,270,5+1,3,21 Ve Üzeri,Kombi Doğalgaz,Yok,Boş,Hayır
18000,300,4+1,3,11-15,Kombi Doğalgaz,Yok,Boş,Hayır
5500,70,1+1,1,2,Merkezi (Pay Ölçer),Var,Eşyalı,Evet
3200,27,1+1,1,0 (Yeni),Merkezi (Pay Ölçer),Yok,Boş,Hayır
19000,90,2+1,2,4,Yerden Isıtma,Yok,Boş,Hayır
40000,242,4+2,4,4,Yerden Isıtma,Yok,Boş,Hayır
40000,250,5+1,3,4,Yerden Isıtma,Yok,Boş,Hayır
6000,115,3+1,1,4,Kombi Doğalgaz,Var,Boş,Hayır
29500,207,3+1,2,4,Yerden Isıtma,Yok,Boş,Hayır
25500,170,3+1,2,4,Yerden Isıtma,Yok,Boş,Hayır
15000,270,4+1,2,11-15,Kombi Doğalgaz,Yok,Eşyalı,Hayır
6500,70,1+1,1,0 (Yeni),Merkezi (Pay Ölçer),Yok,Boş,Hayır
6500,70,1+1,1,0 (Yeni),Merkezi (Pay Ölçer),Yok,Boş,Hayır
6500,62,1+1,1,0 (Yeni),Merkezi (Pay Ölçer),Yok,Boş,Hayır
