﻿Kira,Alan,Oda Sayısı,Banyo Sayısı,Bina Yaşı,Isıtma Tipi,Balkon Durumu,Eşya Durumu,Site İçerisinde
3900,128,3+1,1,16-20,Merkezi Doğalgaz,Yok,Boş,Evet
6000,88,1+1,1,0 (Yeni),Kombi Doğalgaz,Var,Boş,Hayır
16000,100,2+1,1,0 (Yeni),Kombi Doğalgaz,Yok,Eşyalı,Hayır
2300,90,2+1,1,5-10,Kombi Doğalgaz,Yok,Boş,Hayır
2450,105,2+1,1,4,Kombi Doğalgaz,Yok,Boş,Hayır
2700,55,1+1,1,5-10,Kombi Doğalgaz,Yok,Boş,Hayır
3000,90,2+1,1,5-10,Merkezi Doğalgaz,Yok,Boş,Hayır
2500,100,2+1,1,0 (Yeni),Kombi Doğalgaz,Var,Boş,Hayır
3500,90,2+1,1,5-10,Merkezi Doğalgaz,Yok,Boş,Hayır
3750,100,2+1,1,5-10,Kombi Doğalgaz,Var,Boş,Hayır
1500,90,2+1,1,16-20,Doğalgaz Sobalı,Var,Eşyalı,Hayır
3000,75,1+1,1,4,Merkezi (Pay Ölçer),Yok,Boş,Evet
3000,87,2+1,1,5-10,Kombi Doğalgaz,Var,Boş,Hayır
2750,90,2+1,1,11-15,Kombi Doğalgaz,Var,Boş,Hayır
4000,55,1+1,1,5-10,Kat Kaloriferi,Yok,Eşyalı,Evet
2550,80,2+1,2,0 (Yeni),Kombi Doğalgaz,Yok,Boş,Hayır
2500,75,2+1,1,4,Kombi Doğalgaz,Yok,Boş,Hayır
3000,70,1+1,1,3,Kombi Doğalgaz,Yok,Boş,Evet
2450,115,2+1,1,4,Kombi Doğalgaz,Var,Boş,Hayır
6500,120,3+1,2,0 (Yeni),Merkezi (Pay Ölçer),Yok,Boş,Evet
4000,52,1+1,1,0 (Yeni),Merkezi (Pay Ölçer),Yok,Boş,Hayır
2200,85,2+1,1,4,Kombi Doğalgaz,Var,Boş,Hayır
2750,60,1+1,1,5-10,Merkezi Doğalgaz,Yok,Boş,Evet
2800,35,1+1,1,5-10,Merkezi (Pay Ölçer),Yok,Eşyalı,Hayır
2500,70,1+1,1,3,Kombi Doğalgaz,Yok,Boş,Evet
3750,165,3.5+1,2,4,Merkezi (Pay Ölçer),Var,Boş,Evet
3000,90,2+1,1,11-15,Merkezi Doğalgaz,Var,Boş,Evet
1900,95,2+1,1,5-10,Kombi Doğalgaz,Var,Boş,Hayır
6250,125,3+1,2,0 (Yeni),Merkezi (Pay Ölçer),Yok,Boş,Hayır
4000,62,1+1,1,5-10,Merkezi (Pay Ölçer),Yok,Eşyalı,Evet
1250,45,Stüdyo,1,5-10,Klimalı,Yok,Eşyalı,Hayır
1600,55,1+1,1,5-10,Klimalı,Yok,Eşyalı,Hayır
3450,145,3+1,2,11-15,Kombi Doğalgaz,Yok,Boş,Hayır
5000,100,2+1,2,0 (Yeni),Merkezi (Pay Ölçer),Yok,Boş,Hayır
4900,93,2+1,2,0 (Yeni),Merkezi (Pay Ölçer),Yok,Boş,Hayır
1600,35,Stüdyo,1,5-10,Klimalı,Yok,Boş,Evet
3750,110,2+1,2,5-10,Merkezi (Pay Ölçer),Yok,Boş,Hayır
3100,90,2+1,1,5-10,Merkezi (Pay Ölçer),Yok,Boş,Hayır
2500,70,1+1,1,3,Kombi Doğalgaz,Yok,Boş,Evet
3400,68,1+1,1,4,Merkezi Doğalgaz,Yok,Eşyalı,Hayır
3250,150,3+1,1,5-10,Kombi Doğalgaz,Var,Boş,Hayır
2500,90,2+1,1,5-10,Kombi Doğalgaz,Yok,Boş,Hayır
2750,80,1+1,1,3,Kombi Doğalgaz,Var,Eşyalı,Evet
3000,75,2+1,1,2,Merkezi (Pay Ölçer),Yok,Boş,Hayır
4000,70,1+1,1,5-10,Merkezi (Pay Ölçer),Yok,Eşyalı,Hayır
2700,57,1+1,1,5-10,Merkezi (Pay Ölçer),Yok,Boş,Hayır
3000,100,2+1,1,5-10,Kombi Doğalgaz,Var,Boş,Hayır
4500,110,3+1,2,11-15,Merkezi (Pay Ölçer),Yok,Boş,Hayır
7000,135,3+1,2,4,Merkezi (Pay Ölçer),Yok,Boş,Hayır
2700,64,1+1,1,5-10,Merkezi (Pay Ölçer),Yok,Boş,Hayır
3600,57,1+1,1,5-10,Merkezi (Pay Ölçer),Yok,Eşyalı,Hayır
2600,35,1+1,1,5-10,Merkezi (Pay Ölçer),Yok,Boş,Hayır
2250,25,Stüdyo,1,5-10,Merkezi (Pay Ölçer),Yok,Eşyalı,Hayır
5000,125,3+1,2,5-10,Merkezi (Pay Ölçer),Yok,Boş,Hayır
3500,51,1+1,1,5-10,Merkezi (Pay Ölçer),Yok,Eşyalı,Hayır
3500,56,1+1,1,2,Merkezi (Pay Ölçer),Yok,Boş,Hayır
2200,80,2+1,1,0 (Yeni),Kombi Doğalgaz,Yok,Boş,Hayır
2300,100,2+1,1,5-10,Kombi Doğalgaz,Var,Boş,Hayır
2500,70,1+1,1,3,Kombi Doğalgaz,Yok,Boş,Evet
2400,60,1+1,1,3,Kombi Doğalgaz,Yok,Boş,Evet
4250,95,2+1,1,4,Merkezi (Pay Ölçer),Yok,Boş,Hayır
4500,100,1+1,1,3,Kombi Doğalgaz,Yok,Boş,Evet
2500,70,1+1,1,3,Kombi Doğalgaz,Yok,Boş,Evet
2500,70,1+1,1,3,Kombi Doğalgaz,Yok,Boş,Evet
2500,65,2+1,1,5-10,Kombi Doğalgaz,Yok,Boş,Hayır
2500,70,1+1,1,3,Kombi Doğalgaz,Yok,Boş,Evet
1600,55,1+1,1,5-10,Klimalı,Yok,Eşyalı,Hayır
1250,45,Stüdyo,1,5-10,Klimalı,Yok,Eşyalı,Hayır
5000,100,2+1,1,1,Merkezi (Pay Ölçer),Yok,Boş,Hayır
4500,90,2+1,1,4,Kombi Doğalgaz,Yok,Boş,Hayır
4000,57,1+1,1,5-10,Merkezi (Pay Ölçer),Yok,Eşyalı,Hayır
3000,90,2+1,1,5-10,Sobalı,Yok,Eşyalı,Hayır
2200,90,2+1,1,5-10,Kombi Doğalgaz,Yok,Boş,Hayır
3000,110,2+1,1,5-10,Kombi Doğalgaz,Var,Boş,Hayır
4000,120,3+1,2,5-10,Merkezi Doğalgaz,Yok,Boş,Hayır
38000,90,2+1,2,0 (Yeni),Kombi Doğalgaz,Yok,Boş,Hayır
2200,60,1+1,1,3,Kombi Doğalgaz,Yok,Boş,Hayır
4000,70,2+1,1,5-10,Kombi Doğalgaz,Yok,Boş,Hayır
4500,100,2+1,1,1,Merkezi Doğalgaz,Var,Boş,Hayır
3750,100,2+1,1,1,Merkezi Doğalgaz,Var,Boş,Hayır
7500,124,3+1,2,0 (Yeni),Merkezi (Pay Ölçer),Var,Boş,Evet
3300,55,1+1,1,5-10,Merkezi (Pay Ölçer),Yok,Boş,Hayır
3250,58,1+1,1,5-10,Merkezi (Pay Ölçer),Yok,Boş,Hayır
4000,145,3+2,2,1,Kombi Doğalgaz,Yok,Boş,Hayır
3500,80,2+1,1,4,Merkezi (Pay Ölçer),Yok,Boş,Hayır
6000,115,3+1,1,16-20,Kombi Doğalgaz,Yok,Boş,Hayır
5000,60,1+1,1,4,Merkezi (Pay Ölçer),Yok,Eşyalı,Hayır
4250,60,1+1,1,5-10,Merkezi (Pay Ölçer),Yok,Boş,Evet
8000,125,3+1,2,5-10,Merkezi (Pay Ölçer),Yok,Eşyalı,Hayır
2500,130,2+1,2,5-10,Kombi Doğalgaz,Yok,Boş,Hayır
3500,85,2+1,1,0 (Yeni),Kombi Doğalgaz,Yok,Boş,Hayır
5000,75,1+1,1,4,Kombi Doğalgaz,Yok,Boş,Hayır
5000,70,2+1,1,4,Merkezi (Pay Ölçer),Yok,Boş,Hayır
4850,85,2+1,1,5-10,Merkezi (Pay Ölçer),Yok,Boş,Hayır
7000,135,3+1,2,4,Merkezi (Pay Ölçer),Yok,Boş,Hayır
3000,120,2+1,1,0 (Yeni),Kombi Doğalgaz,Var,Boş,Hayır
5000,60,1+1,1,1,Merkezi (Pay Ölçer),Yok,Eşyalı,Hayır
8000,135,3+1,2,4,Merkezi (Pay Ölçer),Yok,Boş,Evet
3000,100,2+1,1,3,Kombi Doğalgaz,Yok,Boş,Evet
3000,85,2+1,1,4,Kombi Doğalgaz,Var,Boş,Hayır
3000,100,2+1,2,4,Kombi Doğalgaz,Var,Boş,Evet
3500,52,1+1,1,0 (Yeni),Merkezi (Pay Ölçer),Yok,Boş,Hayır
4300,135,3+1,1,21 Ve Üzeri,Kombi Doğalgaz,Yok,Eşyalı,Hayır
3000,60,1+1,1,5-10,Merkezi (Pay Ölçer),Yok,Eşyalı,Hayır
3750,95,2+1,1,4,Kombi Doğalgaz,Var,Eşyalı,Hayır
3500,50,1+1,1,4,Kombi Doğalgaz,Yok,Eşyalı,Hayır
3200,64,1+1,1,5-10,Merkezi (Pay Ölçer),Yok,Eşyalı,Hayır
3000,100,2+1,2,4,Merkezi (Pay Ölçer),Var,Boş,Evet
4500,86,2+1,1,1,Merkezi (Pay Ölçer),Yok,Boş,Hayır
4000,130,2+1,2,5-10,Merkezi (Pay Ölçer),Var,Boş,Evet
5100,90,2+1,1,5-10,Merkezi (Pay Ölçer),Yok,Boş,Hayır
5000,90,2+1,1,4,Merkezi (Pay Ölçer),Yok,Boş,Hayır
8000,145,3+1,2,4,Merkezi (Pay Ölçer),Yok,Boş,Hayır
6000,120,3+1,2,5-10,Kombi Doğalgaz,Var,Boş,Evet
8000,95,3+1,1,4,Merkezi (Pay Ölçer),Yok,Eşyalı,Hayır
3500,90,2+1,2,0 (Yeni),Merkezi (Pay Ölçer),Yok,Boş,Hayır
5000,130,3+1,2,5-10,Kombi Doğalgaz,Yok,Eşyalı,Hayır
4000,130,3+1,2,5-10,Kombi Doğalgaz,Yok,Boş,Hayır
5000,125,3+1,2,2,Merkezi (Pay Ölçer),Yok,Boş,Hayır
2500,105,1 Oda,1,5-10,Kombi Doğalgaz,Yok,Boş,Evet
3500,70,1+1,1,5-10,Merkezi (Pay Ölçer),Yok,Boş,Hayır
2498,32,Stüdyo,1,4,Merkezi (Pay Ölçer),Yok,Eşyalı,Hayır
3750,65,1+1,1,5-10,Merkezi (Pay Ölçer),Yok,Boş,Hayır
6000,130,2+1,1,4,Merkezi (Pay Ölçer),Yok,Eşyalı,Hayır
6750,162,4+1,2,0 (Yeni),Merkezi (Pay Ölçer),Yok,Boş,Hayır
8500,130,3+1,2,0 (Yeni),Merkezi (Pay Ölçer),Yok,Boş,Hayır
5000,122,3+1,1,5-10,Merkezi (Pay Ölçer),Yok,Boş,Hayır
6000,130,3+1,2,0 (Yeni),Merkezi (Pay Ölçer),Yok,Boş,Hayır
2600,120,3+1,2,4,Kombi Doğalgaz,Var,Boş,Hayır
5000,120,3+1,0,11-15,Kombi Doğalgaz,Yok,Boş,Evet
4000,130,3+1,2,5-10,Kombi Doğalgaz,Yok,Boş,Evet
3500,60,1+1,1,4,Merkezi (Pay Ölçer),Yok,Eşyalı,Hayır
3500,60,1+1,1,4,Merkezi (Pay Ölçer),Yok,Eşyalı,Hayır
3500,60,1+1,1,4,Merkezi (Pay Ölçer),Yok,Eşyalı,Hayır
3600,60,1+1,1,5-10,Merkezi (Pay Ölçer),Yok,Eşyalı,Evet
3300,63,1+1,1,5-10,Merkezi (Pay Ölçer),Yok,Eşyalı,Hayır
3500,150,3+1,2,5-10,Kombi Doğalgaz,Var,Boş,Hayır
5800,140,3+1,2,4,Merkezi (Pay Ölçer),Yok,Boş,Hayır
3500,85,2+1,2,0 (Yeni),Kombi Doğalgaz,Yok,Boş,Hayır
3500,50,1+1,1,0 (Yeni),Merkezi (Pay Ölçer),Yok,Boş,Hayır
4500,120,2+1,2,0 (Yeni),Merkezi (Pay Ölçer),Yok,Boş,Hayır
3500,96,2+1,2,5-10,Merkezi (Pay Ölçer),Yok,Boş,Hayır
3800,78,1+1,1,4,Merkezi Doğalgaz,Yok,Eşyalı,Evet
5000,80,2+1,1,4,Merkezi (Pay Ölçer),Yok,Boş,Hayır
3700,55,1+1,1,2,Merkezi Doğalgaz,Var,Boş,Evet
2500,70,2+1,1,5-10,Kombi Doğalgaz,Var,Boş,Hayır
3000,39,Stüdyo,1,1,Merkezi (Pay Ölçer),Yok,Eşyalı,Hayır
3500,85,2+1,1,4,Kombi Doğalgaz,Yok,Boş,Evet
2750,80,2+1,2,0 (Yeni),Kombi Doğalgaz,Yok,Boş,Hayır
4000,145,3+1,2,5-10,Kombi Doğalgaz,Var,Boş,Evet
3750,165,3+1,2,4,Merkezi (Pay Ölçer),Yok,Boş,Hayır
4000,60,1+1,1,4,Merkezi (Pay Ölçer),Var,Boş,Evet
2250,75,2+1,1,5-10,Kombi Doğalgaz,Yok,Boş,Hayır
6000,180,4+1,2,1,Merkezi (Pay Ölçer),Yok,Boş,Hayır
4500,155,3+1,2,1,Merkezi (Pay Ölçer),Yok,Boş,Hayır
2500,100,2+1,1,5-10,Kombi Doğalgaz,Yok,Boş,Hayır
7000,130,3+1,2,5-10,Kombi Doğalgaz,Var,Eşyalı,Evet
3800,185,3+1,2,4,Merkezi (Pay Ölçer),Var,Boş,Evet
5000,110,3+1,2,5-10,Merkezi Doğalgaz,Yok,Boş,Hayır
3500,90,2+1,1,5-10,Kombi Doğalgaz,Var,Boş,Hayır
3000,70,2+1,1,5-10,Kombi Doğalgaz,Yok,Boş,Hayır
4500,90,2+1,1,5-10,Kombi Doğalgaz,Yok,Eşyalı,Hayır
3500,63,1+1,1,4,Merkezi Doğalgaz,Yok,Eşyalı,Hayır
3000,60,1+1,1,4,Merkezi Doğalgaz,Yok,Boş,Hayır
3000,45,Stüdyo,1,1,Merkezi (Pay Ölçer),Var,Boş,Evet
3500,60,1+1,1,1,Merkezi (Pay Ölçer),Var,Boş,Evet
4200,130,3+1,1,21 Ve Üzeri,Kombi Doğalgaz,Yok,Boş,Hayır
3750,120,3+1,1,5-10,Kombi Doğalgaz,Var,Eşyalı,Hayır
2400,105,2+1,2,4,Kombi Doğalgaz,Var,Boş,Hayır
2900,60,1+1,1,11-15,Kombi Doğalgaz,Yok,Boş,Hayır
2800,120,3+1,1,11-15,Kombi Doğalgaz,Yok,Boş,Hayır
4000,75,1+1,1,4,Merkezi (Pay Ölçer),Yok,Eşyalı,Hayır
5100,75,2+1,1,4,Merkezi (Pay Ölçer),Yok,Boş,Hayır
3500,120,3+1,1,4,Merkezi Doğalgaz,Yok,Boş,Hayır
6300,135,3+1,2,5-10,Merkezi (Pay Ölçer),Yok,Boş,Evet
4000,125,3+1,2,5-10,Merkezi (Pay Ölçer),Yok,Boş,Hayır
3500,100,2+1,1,5-10,Kombi Doğalgaz,Yok,Eşyalı,Hayır
3500,60,1+1,1,5-10,Merkezi (Pay Ölçer),Yok,Boş,Hayır
6500,140,3+1,2,5-10,Merkezi (Pay Ölçer),Yok,Eşyalı,Hayır
4000,80,1+1,1,0 (Yeni),Merkezi (Pay Ölçer),Yok,Boş,Hayır
3750,105,2+1,1,5-10,Kombi Doğalgaz,Yok,Boş,Hayır
1800,75,2+1,1,5-10,Kombi Doğalgaz,Yok,Boş,Hayır
3500,90,2+1,1,5-10,Kombi Doğalgaz,Var,Boş,Evet
4950,120,3+1,2,0 (Yeni),Merkezi (Pay Ölçer),Yok,Boş,Hayır
2100,80,2+1,1,5-10,Kombi Doğalgaz,Yok,Boş,Hayır
4500,63,1+1,1,4,Merkezi (Pay Ölçer),Yok,Eşyalı,Hayır
3500,95,2+1,2,5-10,Merkezi (Pay Ölçer),Yok,Eşyalı,Hayır
3000,100,2+1,1,5-10,Kombi Doğalgaz,Var,Boş,Hayır
7500,125,3+1,1,21 Ve Üzeri,Kombi Doğalgaz,Yok,Boş,Hayır
2600,100,3+1,2,2,Kombi Doğalgaz,Var,Boş,Hayır
5300,145,3+1,1,11-15,Kombi Doğalgaz,Var,Eşyalı,Evet
3000,120,2+1,1,11-15,Kombi Doğalgaz,Yok,Boş,Hayır
2750,110,3+1,1,4,Kombi Doğalgaz,Yok,Boş,Hayır
6000,130,3+1,4,4,Kombi Doğalgaz,Yok,Eşyalı,Hayır
3760,120,3+1,1,5-10,Kombi Doğalgaz,Yok,Eşyalı,Hayır
4000,63,1+1,1,4,Merkezi (Pay Ölçer),Yok,Eşyalı,Hayır
6000,95,3+1,2,2,Merkezi (Pay Ölçer),Var,Boş,Evet
5000,75,2+1,1,5-10,Merkezi (Pay Ölçer),Yok,Eşyalı,Hayır
3500,140,3+1,2,11-15,Kombi Doğalgaz,Var,Boş,Evet
4000,75,1+1,1,0 (Yeni),Merkezi (Pay Ölçer),Yok,Boş,Hayır
5000,89,2+1,1,4,Merkezi (Pay Ölçer),Yok,Boş,Evet
8000,285,5+2,3,5-10,Kombi Doğalgaz,Var,Boş,Evet
3500,60,1+1,1,0 (Yeni),Merkezi (Pay Ölçer),Yok,Boş,Hayır
3300,55,1+1,1,2,Merkezi (Pay Ölçer),Yok,Boş,Evet
3500,43,1+1,1,2,Merkezi (Pay Ölçer),Var,Boş,Evet
4500,55,1+1,1,5-10,Merkezi Doğalgaz,Yok,Eşyalı,Hayır
3000,130,2+1,2,4,Kombi Doğalgaz,Var,Boş,Hayır
4500,98,2+1,2,0 (Yeni),Merkezi (Pay Ölçer),Yok,Boş,Hayır
3500,122,2+1,2,0 (Yeni),Merkezi (Pay Ölçer),Yok,Boş,Hayır
4500,98,2+1,2,0 (Yeni),Merkezi (Pay Ölçer),Yok,Boş,Hayır
4249,101,2+1,2,4,Merkezi (Pay Ölçer),Yok,Eşyalı,Hayır
2800,32,Stüdyo,1,4,Merkezi (Pay Ölçer),Yok,Eşyalı,Hayır
3500,64,1+1,1,5-10,Merkezi (Pay Ölçer),Yok,Eşyalı,Hayır
4900,90,2+1,1,0 (Yeni),Merkezi (Pay Ölçer),Yok,Boş,Hayır
2500,51,1+1,1,5-10,Merkezi (Pay Ölçer),Yok,Eşyalı,Hayır
3000,64,1+1,1,5-10,Merkezi (Pay Ölçer),Yok,Eşyalı,Hayır
2500,76,1+1,1,4,Merkezi (Pay Ölçer),Yok,Boş,Hayır
4300,80,2+1,1,4,Merkezi (Pay Ölçer),Yok,Eşyalı,Hayır
11000,145,3+1,2,3,Merkezi (Pay Ölçer),Var,Eşyalı,Evet
2500,110,2+1,2,0 (Yeni),Kombi Doğalgaz,Yok,Boş,Hayır
3000,50,1+1,1,0 (Yeni),Merkezi (Pay Ölçer),Yok,Boş,Hayır
5000,130,2+1,2,4,Merkezi Doğalgaz,Var,Eşyalı,Evet
3000,140,3+2,2,5-10,Kombi Doğalgaz,Var,Boş,Hayır
3000,90,2+1,2,5-10,Kombi Doğalgaz,Yok,Boş,Evet
2250,110,2+1,1,5-10,Kombi Doğalgaz,Var,Boş,Hayır
2000,90,2+1,1,5-10,Kombi Doğalgaz,Var,Boş,Hayır
5000,160,3+1,2,5-10,Merkezi (Pay Ölçer),Yok,Boş,Hayır
3500,57,1+1,1,0 (Yeni),Merkezi (Pay Ölçer),Yok,Boş,Hayır
5000,70,1+1,1,0 (Yeni),Merkezi (Pay Ölçer),Var,Boş,Hayır
4100,70,1+1,1,5-10,Merkezi (Pay Ölçer),Yok,Eşyalı,Hayır
3000,110,3+1,2,4,Merkezi (Pay Ölçer),Yok,Boş,Hayır
3500,85,1+1,1,0 (Yeni),Merkezi (Pay Ölçer),Var,Eşyalı,Hayır
2500,95,2+1,1,5-10,Kombi Doğalgaz,Var,Boş,Hayır
2500,105,2+1,1,5-10,Kombi Doğalgaz,Var,Boş,Hayır
4750,90,2+1,2,5-10,Merkezi (Pay Ölçer),Yok,Eşyalı,Hayır
2600,120,3+1,1,0 (Yeni),Kombi Doğalgaz,Var,Boş,Hayır
6300,135,3+1,2,4,Merkezi (Pay Ölçer),Yok,Boş,Hayır
2500,90,2+1,1,4,Kombi Doğalgaz,Var,Boş,Hayır
2750,50,2+1,1,4,Merkezi (Pay Ölçer),Yok,Eşyalı,Hayır
2200,80,2+1,2,2,Kombi Doğalgaz,Yok,Boş,Hayır
2800,100,2+1,2,5-10,Kombi Doğalgaz,Var,Boş,Hayır
3000,90,2+1,2,5-10,Merkezi Doğalgaz,Yok,Boş,Evet
4500,55,1+1,1,11-15,Kombi Doğalgaz,Yok,Eşyalı,Hayır
4500,100,2+1,1,0 (Yeni),Merkezi (Pay Ölçer),Yok,Boş,Hayır
4300,140,3+1,2,5-10,Kombi Doğalgaz,Yok,Boş,Evet
5200,85,1+1,1,5-10,Merkezi (Pay Ölçer),Yok,Eşyalı,Hayır
3000,48,Stüdyo,1,3,Merkezi (Pay Ölçer),Yok,Eşyalı,Hayır
3000,100,2+1,2,0 (Yeni),Kombi Doğalgaz,Var,Boş,Hayır
5500,15,3+1,2,0 (Yeni),Merkezi (Pay Ölçer),Yok,Boş,Hayır
6500,90,2+1,1,5-10,Merkezi Doğalgaz,Yok,Boş,Hayır
6000,120,2+1,2,11-15,Kombi Doğalgaz,Yok,Eşyalı,Hayır
2200,65,1+1,1,5-10,Kombi Doğalgaz,Yok,Boş,Hayır
2200,105,2+1,2,5-10,Kombi Doğalgaz,Var,Boş,Hayır
3000,45,Stüdyo,1,3,Merkezi (Pay Ölçer),Yok,Eşyalı,Hayır
3000,100,2+1,1,3,Kombi Doğalgaz,Yok,Boş,Evet
4750,80,2+1,1,0 (Yeni),Merkezi (Pay Ölçer),Yok,Eşyalı,Hayır
5000,85,2+1,1,3,Merkezi (Pay Ölçer),Yok,Eşyalı,Hayır
3000,90,2+1,1,5-10,Kombi Doğalgaz,Var,Eşyalı,Hayır
6500,125,3+1,2,5-10,Merkezi (Pay Ölçer),Yok,Eşyalı,Hayır
5000,110,2+1,2,5-10,Merkezi (Pay Ölçer),Yok,Boş,Hayır
4750,100,2+1,2,0 (Yeni),Merkezi (Pay Ölçer),Yok,Boş,Hayır
6000,100,2+1,1,3,Merkezi (Pay Ölçer),Yok,Eşyalı,Hayır
7000,140,3+1,2,5-10,Merkezi (Pay Ölçer),Yok,Eşyalı,Hayır
5250,90,2+1,1,5-10,Merkezi (Pay Ölçer),Yok,Eşyalı,Hayır
3750,90,2+1,1,3,Merkezi Doğalgaz,Var,Boş,Evet
2200,60,1+1,1,4,Kombi Doğalgaz,Yok,Boş,Hayır
5500,120,3+1,2,0 (Yeni),Merkezi (Pay Ölçer),Yok,Boş,Hayır
3500,53,1+1,1,0 (Yeni),Merkezi (Pay Ölçer),Yok,Boş,Hayır
3500,85,2+1,1,3,Merkezi Doğalgaz,Var,Eşyalı,Hayır
2300,55,2+1,1,3,Merkezi (Pay Ölçer),Yok,Boş,Hayır
3250,60,1+1,1,0 (Yeni),Merkezi (Pay Ölçer),Yok,Boş,Hayır
2500,50,1+1,2,0 (Yeni),Merkezi (Pay Ölçer),Yok,Boş,Hayır
5500,120,3+1,2,0 (Yeni),Merkezi (Pay Ölçer),Yok,Boş,Hayır
4500,90,2+1,2,0 (Yeni),Merkezi (Pay Ölçer),Yok,Boş,Hayır
3000,48,1 Oda,1,5-10,Merkezi Doğalgaz,Var,Eşyalı,Evet
3600,100,2+1,1,5-10,Merkezi Doğalgaz,Var,Eşyalı,Evet
5000,95,2+1,2,0 (Yeni),Merkezi Doğalgaz,Yok,Boş,Hayır
3500,65,1+1,1,0 (Yeni),Merkezi Doğalgaz,Yok,Boş,Hayır
3500,75,1+1,1,5-10,Merkezi (Pay Ölçer),Yok,Eşyalı,Hayır
2750,99,2+1,1,5-10,Kombi Doğalgaz,Yok,Boş,Hayır
2750,100,2+1,1,5-10,Kombi Doğalgaz,Yok,Boş,Hayır
2500,90,2+1,1,0 (Yeni),Merkezi Doğalgaz,Yok,Boş,Hayır
2000,60,1+1,1,0 (Yeni),Merkezi Doğalgaz,Yok,Boş,Hayır
5000,70,1+1,1,0 (Yeni),Merkezi (Pay Ölçer),Yok,Boş,Hayır
4500,100,2+1,2,0 (Yeni),Merkezi (Pay Ölçer),Yok,Boş,Hayır
4000,63,1+1,1,5-10,Merkezi (Pay Ölçer),Yok,Eşyalı,Hayır
7500,150,3+1,2,5-10,Merkezi (Pay Ölçer),Yok,Eşyalı,Hayır
2700,96,2+1,2,5-10,Kombi Doğalgaz,Yok,Eşyalı,Hayır
5250,97,2+1,2,5-10,Merkezi (Pay Ölçer),Yok,Boş,Evet
2100,90,2+1,1,4,Kombi Doğalgaz,Yok,Boş,Hayır
2250,80,2+1,1,1,Kombi Doğalgaz,Var,Boş,Hayır
2700,80,1+1,1,0 (Yeni),Merkezi (Pay Ölçer),Yok,Boş,Evet
3950,65,1+1,1,1,Merkezi (Pay Ölçer),Yok,Boş,Hayır
4500,155,3+1,2,11-15,Kombi Doğalgaz,Yok,Boş,Hayır
4000,95,2+1,1,5-10,Merkezi (Pay Ölçer),Yok,Eşyalı,Evet
4500,100,2+1,1,4,Merkezi Doğalgaz,Yok,Eşyalı,Hayır
3600,88,1+1,1,5-10,Kombi Doğalgaz,Yok,Boş,Evet
3800,90,1+1,1,3,Kombi Doğalgaz,Yok,Boş,Hayır
5300,90,2+1,1,3,Merkezi (Pay Ölçer),Yok,Eşyalı,Hayır
5100,155,3+1,2,4,Merkezi (Pay Ölçer),Yok,Boş,Hayır
3500,116,3+1,1,11-15,Kombi Doğalgaz,Var,Boş,Evet
2300,90,2+1,1,5-10,Kombi Doğalgaz,Var,Boş,Hayır
6500,65,1+1,1,5-10,Kombi Doğalgaz,Yok,Eşyalı,Hayır
2300,90,2+1,1,5-10,Kombi Doğalgaz,Var,Boş,Hayır
2750,95,2+1,1,11-15,Kombi Doğalgaz,Yok,Boş,Hayır
3500,90,2+1,2,0 (Yeni),Merkezi (Pay Ölçer),Yok,Boş,Hayır
5000,150,3+1,2,0 (Yeni),Merkezi (Pay Ölçer),Yok,Boş,Hayır
2500,90,2+1,1,0 (Yeni),Kombi Doğalgaz,Yok,Eşyalı,Hayır
5500,150,4+1,2,0 (Yeni),Merkezi (Pay Ölçer),Yok,Boş,Hayır
3000,58,1+1,1,0 (Yeni),Merkezi (Pay Ölçer),Yok,Boş,Hayır
3500,100,2+1,2,0 (Yeni),Merkezi (Pay Ölçer),Yok,Boş,Hayır
4000,100,2+1,2,0 (Yeni),Merkezi (Pay Ölçer),Yok,Boş,Hayır
1900,55,1+1,1,0 (Yeni),Merkezi (Pay Ölçer),Yok,Boş,Hayır
2500,42,Stüdyo,1,5-10,Merkezi (Pay Ölçer),Yok,Eşyalı,Hayır
4000,90,1+1,1,2,Kat Kaloriferi,Yok,Boş,Hayır
3500,120,3+1,2,5-10,Kombi Doğalgaz,Yok,Eşyalı,Hayır
3500,55,1+1,1,0 (Yeni),Merkezi (Pay Ölçer),Yok,Boş,Hayır
3000,148,3+1,2,11-15,Kombi Doğalgaz,Var,Boş,Hayır
5000,120,3+1,2,3,Merkezi (Pay Ölçer),Var,Boş,Evet
2800,120,3+1,1,5-10,Kombi Doğalgaz,Yok,Boş,Hayır
2700,86,2+1,1,11-15,Kombi Doğalgaz,Yok,Boş,Evet
3000,120,3+1,1,5-10,Kombi Doğalgaz,Yok,Boş,Hayır
1600,110,3+1,1,3,Merkezi Doğalgaz,Yok,Boş,Hayır
1800,105,2+1,1,11-15,Kombi Doğalgaz,Yok,Boş,Hayır
2500,86,2+1,1,5-10,Kombi Doğalgaz,Yok,Boş,Hayır
2750,100,3+1,1,4,Kombi Doğalgaz,Yok,Boş,Hayır
3500,106,2+1,1,5-10,Kombi Doğalgaz,Yok,Eşyalı,Evet
2500,90,2+1,1,5-10,Kombi Doğalgaz,Yok,Boş,Hayır
2500,86,2+1,1,5-10,Kombi Doğalgaz,Yok,Boş,Evet
1500,75,1+1,1,4,Kombi Doğalgaz,Yok,Boş,Hayır
2700,86,2+1,1,5-10,Kombi Doğalgaz,Yok,Boş,Hayır
2500,100,3+1,1,5-10,Merkezi Doğalgaz,Yok,Boş,Evet
2300,90,2+1,1,5-10,Kombi Doğalgaz,Yok,Boş,Hayır
4000,90,1+1,1,5-10,Kombi Doğalgaz,Yok,Boş,Hayır
2300,86,2+1,1,5-10,Kombi Doğalgaz,Yok,Boş,Hayır
3900,100,2+1,2,5-10,Merkezi Doğalgaz,Yok,Boş,Hayır
3500,100,2+1,1,5-10,Kombi Doğalgaz,Yok,Eşyalı,Hayır
3500,55,Stüdyo,1,1,Kombi Doğalgaz,Yok,Boş,Hayır
1300,100,2+1,1,1,Kombi Doğalgaz,Yok,Boş,Hayır
2500,90,2+1,1,5-10,Kombi Doğalgaz,Yok,Boş,Hayır
3700,140,3+1,2,5-10,Kombi Doğalgaz,Yok,Boş,Hayır
3500,120,3+1,1,5-10,Kombi Doğalgaz,Yok,Boş,Hayır
2500,120,2+1,1,4,Kombi Doğalgaz,Yok,Eşyalı,Hayır
3500,120,3+1,1,5-10,Kombi Doğalgaz,Yok,Boş,Evet
2500,86,2+1,1,5-10,Kombi Doğalgaz,Yok,Boş,Evet
4000,125,3+1,1,11-15,Kombi Doğalgaz,Yok,Boş,Hayır
5200,80,2+1,1,4,Merkezi (Pay Ölçer),Yok,Boş,Hayır
2750,105,2+1,1,5-10,Kombi Doğalgaz,Yok,Boş,Hayır
3000,120,3+1,1,0 (Yeni),Kombi Doğalgaz,Yok,Boş,Hayır
3500,59,1+1,1,2,Kombi Doğalgaz,Yok,Eşyalı,Hayır
5000,100,2+1,1,0 (Yeni),Merkezi (Pay Ölçer),Yok,Boş,Evet
3500,95,2+1,2,0 (Yeni),Merkezi (Pay Ölçer),Var,Boş,Evet
3000,90,2+1,1,2,Kombi Doğalgaz,Yok,Eşyalı,Hayır
1500,90,2+1,1,3,Kombi Doğalgaz,Yok,Boş,Hayır
1400,65,1+1,1,4,Kombi Doğalgaz,Yok,Boş,Hayır
1500,80,2+1,2,3,Kombi Doğalgaz,Yok,Boş,Hayır
3500,180,4+2,2,5-10,Kombi Doğalgaz,Yok,Boş,Hayır
2000,90,2+1,1,5-10,Kombi Doğalgaz,Yok,Eşyalı,Hayır
1300,100,2+1,1,0 (Yeni),Kombi Doğalgaz,Yok,Boş,Hayır
1200,80,2+1,1,0 (Yeni),Kombi Doğalgaz,Yok,Boş,Hayır
4750,250,4+1,2,5-10,Kombi Doğalgaz,Yok,Boş,Hayır
2700,190,2+1,2,5-10,Kombi Doğalgaz,Var,Boş,Hayır
5000,70,1+1,1,0 (Yeni),Merkezi (Pay Ölçer),Var,Eşyalı,Evet
4950,105,2+1,1,5-10,Merkezi (Pay Ölçer),Yok,Eşyalı,Hayır
