﻿Kira,Alan,Oda Sayısı,Banyo Sayısı,Bina Yaşı,Isıtma Tipi,Balkon Durumu,Eşya Durumu,Site İçerisinde
3300,105,2+1,1,2,Merkezi (Pay Ölçer),Var,Boş,Evet
2400,45,Stüdyo,1,5-10,Merkezi Doğalgaz,Yok,Eşyalı,Evet
4350,65,2+1,1,5-10,Merkezi (Pay Ölçer),Var,Eşyalı,Evet
1750,70,2+1,1,5-10,Kombi Doğalgaz,Var,Boş,Hayır
3750,75,2+1,1,5-10,Kombi Doğalgaz,Yok,Eşyalı,Evet
4000,105,3+1,2,3,Merkezi (Pay Ölçer),Yok,Boş,Hayır
4000,100,3+1,1,5-10,Merkezi (Pay Ölçer),Yok,Boş,Hayır
3100,95,2+1,1,5-10,Kombi Doğalgaz,Var,Boş,Evet
3200,110,3.5+1,2,21 Ve Üzeri,Kombi Doğalgaz,Yok,Boş,Hayır
1500,75,1+1,1,16-20,Kombi Doğalgaz,Var,Eşyalı,Hayır
2500,105,3+1,2,11-15,Kombi Doğalgaz,Var,Boş,Hayır
2050,110,3+1,1,21 Ve Üzeri,Kombi Doğalgaz,Var,Boş,Hayır
1650,125,3+1,1,21 Ve Üzeri,Doğalgaz Sobalı,Var,Boş,Hayır
3250,100,2+1,1,21 Ve Üzeri,Kombi Doğalgaz,Yok,Eşyalı,Hayır
2500,105,3+1,1,21 Ve Üzeri,Kombi Doğalgaz,Var,Boş,Hayır
1500,100,2+1,1,5-10,Kombi Doğalgaz,Yok,Boş,Hayır
2750,80,2+1,1,4,Kombi Doğalgaz,Var,Boş,Hayır
4500,68,1.5+1,1,2,Kombi Doğalgaz,Var,Eşyalı,Evet
4000,100,3+1,1,5-10,Kombi Doğalgaz,Var,Boş,Evet
3000,75,2+1,1,11-15,Kombi Doğalgaz,Var,Boş,Hayır
3500,110,3+1,1,16-20,Kombi Doğalgaz,Yok,Boş,Hayır
2750,90,3+1,1,21 Ve Üzeri,Kombi Doğalgaz,Yok,Boş,Hayır
5750,100,3+1,2,11-15,Kombi Doğalgaz,Yok,Boş,Hayır
3600,105,3+1,2,11-15,Kombi Doğalgaz,Yok,Boş,Hayır
3750,90,2+1,1,5-10,Kombi Doğalgaz,Yok,Boş,Hayır
3000,85,2+1,1,3,Merkezi (Pay Ölçer),Yok,Boş,Hayır
1400,45,1+1,1,21 Ve Üzeri,Doğalgaz Sobalı,Yok,Boş,Hayır
3250,78,2+1,1,4,Merkezi (Pay Ölçer),Yok,Boş,Hayır
2550,85,2+1,1,11-15,Kombi Doğalgaz,Var,Boş,Evet
2250,95,3+1,1,5-10,Kombi Doğalgaz,Yok,Boş,Hayır
2500,115,3+1,1,11-15,Kombi Doğalgaz,Yok,Boş,Hayır
3300,104,3+1,1,11-15,Kombi Doğalgaz,Yok,Boş,Hayır
3200,120,3+1,1,5-10,Kombi Doğalgaz,Var,Boş,Evet
3750,55,1+1,1,5-10,Merkezi Doğalgaz,Yok,Eşyalı,Evet
4000,120,3+1,1,11-15,Kombi Doğalgaz,Yok,Boş,Hayır
2700,80,2+1,1,4,Kombi Doğalgaz,Var,Boş,Evet
6500,110,3+1,2,5-10,Merkezi Doğalgaz,Var,Boş,Evet
2500,90,2+1,2,21 Ve Üzeri,Kombi Doğalgaz,Var,Boş,Hayır
1800,85,2+1,1,21 Ve Üzeri,Kombi Doğalgaz,Var,Boş,Hayır
3500,125,3+1,1,11-15,Kombi Doğalgaz,Var,Boş,Evet
4500,105,3+1,2,0 (Yeni),Kombi Doğalgaz,Yok,Boş,Hayır
5950,165,4+1,1,16-20,Kombi Doğalgaz,Yok,Boş,Hayır
2200,110,3+1,1,16-20,Kombi Doğalgaz,Yok,Boş,Hayır
3500,110,3+1,2,21 Ve Üzeri,Kombi Doğalgaz,Var,Boş,Hayır
3250,80,2+1,2,2,Kombi Doğalgaz,Yok,Boş,Hayır
2500,115,4+1,1,21 Ve Üzeri,Kombi Doğalgaz,Var,Eşyalı,Hayır
2950,27,Stüdyo,1,4,Merkezi (Pay Ölçer),Yok,Boş,Hayır
2750,50,1+1,1,5-10,Merkezi (Pay Ölçer),Yok,Boş,Hayır
4000,105,3+1,1,16-20,Kombi Doğalgaz,Yok,Boş,Hayır
2900,150,3+1,1,11-15,Kombi Doğalgaz,Var,Boş,Hayır
3500,75,3+1,1,5-10,Kombi Doğalgaz,Yok,Boş,Hayır
3150,37,1+1,1,5-10,Kombi Doğalgaz,Yok,Eşyalı,Evet
2750,75,2+1,1,0 (Yeni),Kombi Doğalgaz,Yok,Boş,Hayır
3000,120,3+1,1,11-15,Kombi Doğalgaz,Yok,Boş,Hayır
2750,50,1+1,1,5-10,Merkezi (Pay Ölçer),Yok,Boş,Evet
2900,130,3+1,1,21 Ve Üzeri,Kombi Doğalgaz,Var,Boş,Hayır
2000,75,1+1,1,21 Ve Üzeri,Kombi Doğalgaz,Var,Boş,Hayır
3000,90,2+1,1,11-15,Kombi Doğalgaz,Yok,Boş,Hayır
3500,75,2+1,1,0 (Yeni),Kombi Doğalgaz,Yok,Boş,Hayır
5000,96,2+1,2,5-10,Merkezi Doğalgaz,Var,Eşyalı,Evet
2400,110,2+1,1,11-15,Kombi Doğalgaz,Var,Boş,Hayır
2500,120,3+1,1,5-10,Kombi Doğalgaz,Yok,Boş,Hayır
1500,90,2+1,1,21 Ve Üzeri,Sobalı,Var,Boş,Hayır
4800,80,2+1,1,0 (Yeni),Kombi Doğalgaz,Yok,Boş,Hayır
3600,105,3+1,2,11-15,Kombi Doğalgaz,Yok,Boş,Hayır
4000,80,2+1,1,0 (Yeni),Kombi Doğalgaz,Yok,Boş,Hayır
2000,130,2+1,1,21 Ve Üzeri,Kombi Doğalgaz,Var,Boş,Hayır
2900,55,1+1,1,11-15,Merkezi (Pay Ölçer),Yok,Boş,Hayır
6500,130,3+1,2,11-15,Kombi Doğalgaz,Var,Boş,Hayır
2850,105,3+1,1,11-15,Kombi Doğalgaz,Yok,Boş,Hayır
5000,160,2+1,1,3,Kombi Doğalgaz,Var,Boş,Hayır
3000,80,2+1,1,3,Kombi Doğalgaz,Yok,Boş,Hayır
2000,75,2+1,1,3,Kombi Doğalgaz,Var,Boş,Hayır
2500,48,1+1,1,5-10,Merkezi (Pay Ölçer),Yok,Boş,Hayır
5000,90,2+1,2,1,Kombi Doğalgaz,Yok,Boş,Hayır
2250,55,1+1,1,4,Merkezi (Pay Ölçer),Yok,Boş,Hayır
2950,88,2+1,1,11-15,Kombi Doğalgaz,Yok,Boş,Hayır
5000,85,2+1,1,0 (Yeni),Kombi Doğalgaz,Yok,Eşyalı,Hayır
2500,100,3+1,1,5-10,Kombi Doğalgaz,Var,Boş,Hayır
20000,176,1 Oda,0,0 (Yeni),Isıtma Yok,Yok,Boş,Hayır
3300,75,2+1,1,11-15,Kombi Doğalgaz,Yok,Eşyalı,Hayır
1700,120,3+1,1,11-15,Kombi Doğalgaz,Var,Boş,Hayır
3700,90,2+1,1,5-10,Merkezi (Pay Ölçer),Yok,Boş,Evet
4000,125,4+1,2,4,Kombi Doğalgaz,Yok,Boş,Hayır
2500,90,2+1,1,21 Ve Üzeri,Kombi Doğalgaz,Yok,Boş,Hayır
3000,51,1+1,1,5-10,Kombi Doğalgaz,Yok,Boş,Hayır
5250,108,3+1,2,5-10,Kombi Doğalgaz,Yok,Boş,Hayır
2250,90,2+1,2,5-10,Kombi Doğalgaz,Yok,Boş,Hayır
2200,85,2+1,1,5-10,Kombi Doğalgaz,Yok,Boş,Hayır
4250,84,2+1,1,5-10,Kombi Doğalgaz,Yok,Boş,Hayır
2800,110,3+1,1,3,Kombi Doğalgaz,Yok,Boş,Hayır
3500,55,1+1,1,1,Merkezi (Pay Ölçer),Yok,Boş,Hayır
3500,140,3+2,2,11-15,Kombi Doğalgaz,Yok,Boş,Hayır
1300,80,2+1,1,21 Ve Üzeri,Sobalı,Yok,Boş,Hayır
2500,48,1+1,1,0 (Yeni),Kombi Doğalgaz,Yok,Boş,Hayır
1200,85,2+1,1,21 Ve Üzeri,Sobalı,Yok,Boş,Hayır
3000,85,2+1,2,0 (Yeni),Merkezi (Pay Ölçer),Yok,Boş,Hayır
2800,105,3+1,1,11-15,Kombi Doğalgaz,Yok,Boş,Hayır
6000,100,3+1,1,21 Ve Üzeri,Kombi Doğalgaz,Yok,Eşyalı,Hayır
3250,60,1+1,1,5-10,Kombi Doğalgaz,Yok,Eşyalı,Hayır
4600,85,2+1,2,3,Kombi Doğalgaz,Var,Boş,Hayır
1500,100,3+1,1,11-15,Kombi Doğalgaz,Yok,Boş,Hayır
2650,125,3+1,1,21 Ve Üzeri,Kombi Doğalgaz,Yok,Eşyalı,Hayır
3100,78,2+1,1,5-10,Kombi Doğalgaz,Yok,Boş,Hayır
3000,110,1+1,2,3,Kombi Doğalgaz,Var,Eşyalı,Hayır
4600,75,2+1,2,4,Merkezi (Pay Ölçer),Yok,Boş,Hayır
3950,138,3+1,1,21 Ve Üzeri,Kombi Doğalgaz,Var,Boş,Hayır
2500,65,2+1,1,0 (Yeni),Merkezi Doğalgaz,Yok,Boş,Evet
2600,80,2+1,1,0 (Yeni),Kombi Doğalgaz,Var,Boş,Hayır
3000,88,2+1,1,1,Merkezi (Pay Ölçer),Var,Boş,Evet
3000,110,3+1,1,11-15,Kombi Doğalgaz,Yok,Boş,Hayır
3750,105,3+1,2,1,Kombi Doğalgaz,Yok,Boş,Hayır
3500,110,3+1,2,11-15,Kombi Doğalgaz,Yok,Boş,Hayır
4000,105,3+1,2,0 (Yeni),Kombi Doğalgaz,Yok,Eşyalı,Hayır
12500,372,6+2,4,11-15,Kombi Doğalgaz,Var,Boş,Evet
3500,60,1+1,1,5-10,Kombi Doğalgaz,Var,Eşyalı,Evet
4900,75,2+1,2,4,Merkezi (Pay Ölçer),Yok,Boş,Hayır
3900,88,2+1,2,1,Kombi Doğalgaz,Yok,Boş,Hayır
3250,95,3+1,1,11-15,Kombi Doğalgaz,Yok,Boş,Hayır
5000,110,3+1,1,11-15,Kombi Doğalgaz,Var,Boş,Hayır
1600,15,Stüdyo,1,11-15,Kombi Doğalgaz,Yok,Boş,Hayır
2500,90,3+1,1,5-10,Kombi Doğalgaz,Yok,Boş,Hayır
4650,117,3+1,2,5-10,Kombi Doğalgaz,Yok,Eşyalı,Hayır
5999,70,1+1,1,1,Yerden Isıtma,Yok,Eşyalı,Hayır
6000,108,3+1,1,21 Ve Üzeri,Kombi Doğalgaz,Yok,Eşyalı,Hayır
3000,92,2+1,2,1,Kombi Doğalgaz,Var,Boş,Evet
3500,90,2+1,1,21 Ve Üzeri,Kombi Doğalgaz,Yok,Boş,Hayır
3000,92,2+1,1,1,Kombi Doğalgaz,Var,Boş,Evet
2000,85,1+1,1,5-10,Kombi Doğalgaz,Yok,Eşyalı,Hayır
6000,108,3+1,1,21 Ve Üzeri,Kombi Doğalgaz,Var,Eşyalı,Hayır
4000,80,2+1,1,1,Kombi Doğalgaz,Yok,Boş,Hayır
