﻿Kira,Alan,Oda Sayısı,Banyo Sayısı,Bina Yaşı,Isıtma Tipi,Balkon Durumu,Eşya Durumu,Site İçerisinde
8000,110,3+1,1,11-15,Kombi Doğalgaz,Var,Eşyalı,Hayır
3500,90,2+1,1,11-15,Kombi Doğalgaz,Var,Boş,Hayır
10000,110,2+1,1,2,Kombi Doğalgaz,Yok,Boş,Hayır
4200,120,2+1,2,21 Ve Üzeri,Kombi Doğalgaz,Yok,Boş,Hayır
16500,250,4+1,2,21 Ve Üzeri,Kombi Doğalgaz,Yok,Boş,Hayır
6500,100,2+1,2,4,Kombi Doğalgaz,Yok,Eşyalı,Hayır
7000,125,3+1,1,16-20,Merkezi (Pay Ölçer),Var,Boş,Evet
4500,120,3+1,1,16-20,Kombi Doğalgaz,Yok,Boş,Hayır
5500,120,3+1,2,21 Ve Üzeri,Kombi Doğalgaz,Yok,Boş,Hayır
25000,92,3+1,2,0 (Yeni),Merkezi (Pay Ölçer),Yok,Eşyalı,Hayır
42000,165,3+1,2,21 Ve Üzeri,Kombi Doğalgaz,Yok,Boş,Hayır
7000,100,2+1,2,4,Kombi Doğalgaz,Yok,Eşyalı,Hayır
7250,80,1+1,1,21 Ve Üzeri,Kombi Doğalgaz,Yok,Eşyalı,Hayır
28000,200,4+1,3,5-10,Merkezi (Pay Ölçer),Yok,Boş,Hayır
30000,140,1+1,2,5-10,Merkezi (Pay Ölçer),Yok,Eşyalı,Hayır
5000,120,2+1,1,16-20,Isıtma Yok,Yok,Boş,Hayır
6000,155,3+1,1,21 Ve Üzeri,Kombi Doğalgaz,Yok,Boş,Hayır
2000,79,1+1,1,16-20,Isıtma Yok,Yok,Eşyalı,Hayır
3100,90,2+1,2,21 Ve Üzeri,Kombi Doğalgaz,Yok,Boş,Hayır
20000,127,3+1,2,0 (Yeni),Merkezi (Pay Ölçer),Yok,Boş,Hayır
14750,110,2+1,1,4,Kombi Doğalgaz,Yok,Eşyalı,Hayır
3000,100,2+1,1,11-15,Kombi Doğalgaz,Var,Boş,Hayır
5000,120,2+1,0,16-20,Kombi Doğalgaz,Yok,Eşyalı,Hayır
4500,140,3+1,1,21 Ve Üzeri,Kombi Doğalgaz,Var,Boş,Hayır
10000,140,3+1,1,21 Ve Üzeri,Kombi Doğalgaz,Var,Boş,Hayır
28000,200,4+1,3,5-10,Merkezi (Pay Ölçer),Yok,Boş,Hayır
8000,46,Stüdyo,1,1,Merkezi (Pay Ölçer),Yok,Eşyalı,Hayır
3500,110,2+1,1,16-20,Kombi Doğalgaz,Var,Boş,Hayır
13500,110,2+1,1,5-10,Kombi Doğalgaz,Yok,Boş,Evet
27000,150,3.5+1,2,4,Merkezi (Pay Ölçer),Var,Eşyalı,Hayır
9500,55,1+1,1,4,Merkezi (Pay Ölçer),Var,Boş,Evet
5000,110,3+1,1,16-20,Kombi Doğalgaz,Var,Boş,Hayır
23000,95,2+1,2,5-10,Merkezi (Pay Ölçer),Yok,Eşyalı,Hayır
21000,160,3+1,2,5-10,Merkezi (Pay Ölçer),Yok,Boş,Hayır
30000,140,1+1,2,5-10,Merkezi (Pay Ölçer),Yok,Eşyalı,Hayır
4000,110,3+1,1,21 Ve Üzeri,Kombi Doğalgaz,Yok,Boş,Hayır
4500,70,1+1,1,21 Ve Üzeri,Kombi Doğalgaz,Yok,Eşyalı,Hayır
3500,125,3+1,2,11-15,Kombi Fueloil,Var,Boş,Hayır
3500,135,3+1,2,16-20,Kombi Doğalgaz,Yok,Boş,Hayır
15000,100,2+1,2,11-15,Kombi Doğalgaz,Yok,Eşyalı,Evet
5500,90,2+1,1,16-20,Kombi Doğalgaz,Yok,Boş,Hayır
4000,60,1+1,1,21 Ve Üzeri,Kombi Doğalgaz,Var,Boş,Hayır
4600,76,2+1,1,4,Kombi Doğalgaz,Yok,Boş,Hayır
7000,95,2.5+1,1,5-10,Kombi Doğalgaz,Var,Boş,Hayır
19000,100,3+1,1,5-10,Merkezi (Pay Ölçer),Yok,Boş,Hayır
30000,140,1+1,2,5-10,Merkezi (Pay Ölçer),Yok,Eşyalı,Hayır
25000,105,3+1,2,5-10,Merkezi (Pay Ölçer),Yok,Eşyalı,Hayır
10000,270,5+1,1,21 Ve Üzeri,Kombi Doğalgaz,Var,Boş,Hayır
12500,60,1+1,1,4,Merkezi (Pay Ölçer),Yok,Eşyalı,Hayır
15000,101,3+1,2,5-10,Merkezi (Pay Ölçer),Yok,Boş,Hayır
4200,100,2+1,1,16-20,Kombi Doğalgaz,Var,Boş,Hayır
28000,200,4+1,3,5-10,Merkezi (Pay Ölçer),Yok,Boş,Hayır
9000,45,1+1,1,0 (Yeni),Merkezi (Pay Ölçer),Yok,Boş,Hayır
8500,35,Stüdyo,1,0 (Yeni),Merkezi (Pay Ölçer),Yok,Eşyalı,Hayır
5150,90,2+1,2,21 Ve Üzeri,Kombi Doğalgaz,Yok,Boş,Hayır
4250,110,2+1,1,16-20,Kombi Doğalgaz,Var,Boş,Hayır
3500,85,2+1,1,11-15,Kombi Doğalgaz,Var,Boş,Hayır
12000,140,3+1,2,21 Ve Üzeri,Kombi Doğalgaz,Yok,Eşyalı,Hayır
14500,250,5+1,3,11-15,Kombi Doğalgaz,Var,Boş,Evet
8500,100,3+1,2,5-10,Kombi Doğalgaz,Yok,Boş,Hayır
10000,140,3+1,1,21 Ve Üzeri,Kombi Doğalgaz,Yok,Boş,Hayır
20000,96,2+1,1,5-10,Merkezi (Pay Ölçer),Yok,Boş,Hayır
17000,210,4+1,3,21 Ve Üzeri,Kombi Doğalgaz,Yok,Boş,Hayır
26000,180,4+1,3,5-10,Merkezi (Pay Ölçer),Yok,Boş,Hayır
4250,110,2+1,1,11-15,Kombi Doğalgaz,Var,Boş,Hayır
10000,90,2+1,1,0 (Yeni),Merkezi (Pay Ölçer),Var,Boş,Hayır
4200,100,2+1,1,11-15,Kombi Doğalgaz,Var,Boş,Hayır
5200,95,2+1,1,5-10,Kombi Doğalgaz,Yok,Eşyalı,Hayır
24000,130,3+1,2,5-10,Merkezi (Pay Ölçer),Yok,Eşyalı,Hayır
20000,200,4+1,3,21 Ve Üzeri,Merkezi (Pay Ölçer),Yok,Boş,Hayır
13000,100,1+1,2,0 (Yeni),Merkezi (Pay Ölçer),Yok,Eşyalı,Hayır
12500,56,1+1,1,4,Yerden Isıtma,Yok,Eşyalı,Hayır
14500,105,3+1,2,0 (Yeni),Merkezi (Pay Ölçer),Yok,Boş,Hayır
9500,57,1+1,1,4,Merkezi (Pay Ölçer),Yok,Boş,Hayır
13250,60,1+1,1,4,Yerden Isıtma,Yok,Eşyalı,Hayır
10000,90,2+1,1,0 (Yeni),Merkezi (Pay Ölçer),Var,Boş,Hayır
20000,92,3+1,2,0 (Yeni),Merkezi (Pay Ölçer),Yok,Boş,Hayır
3000,65,1+1,1,21 Ve Üzeri,Kombi Doğalgaz,Yok,Boş,Hayır
3500,25,1+1,0,21 Ve Üzeri,Isıtma Yok,Yok,Boş,Hayır
16000,200,4+1,3,21 Ve Üzeri,Merkezi (Pay Ölçer),Var,Boş,Evet
22000,85,2+1,1,5-10,Merkezi (Pay Ölçer),Yok,Eşyalı,Hayır
5000,120,2+1,2,5-10,Kombi Doğalgaz,Var,Boş,Hayır
11000,100,2+1,1,11-15,Kombi Doğalgaz,Yok,Eşyalı,Hayır
12000,200,4+1,2,21 Ve Üzeri,Kombi Doğalgaz,Var,Boş,Evet
8500,125,3+1,2,11-15,Kombi Doğalgaz,Yok,Boş,Hayır
9600,60,1+1,1,3,Merkezi (Pay Ölçer),Yok,Boş,Hayır
9600,60,1+1,1,3,Merkezi (Pay Ölçer),Yok,Boş,Hayır
5000,110,2+1,1,21 Ve Üzeri,Kombi Doğalgaz,Var,Boş,Hayır
4300,130,2+1,1,11-15,Kombi Doğalgaz,Yok,Boş,Hayır
12000,140,3+1,2,11-15,Kombi Doğalgaz,Yok,Eşyalı,Hayır
4000,100,3+1,1,11-15,Kombi Doğalgaz,Yok,Boş,Hayır
6500,135,3+1,2,21 Ve Üzeri,Merkezi (Pay Ölçer),Yok,Boş,Hayır
13000,115,2+1,2,0 (Yeni),Merkezi (Pay Ölçer),Yok,Boş,Hayır
5500,140,4+1,1,21 Ve Üzeri,Kombi Doğalgaz,Yok,Boş,Hayır
40000,300,4+1,3,2,Merkezi (Pay Ölçer),Yok,Boş,Hayır
8000,109,2+1,1,11-15,Kombi Doğalgaz,Yok,Eşyalı,Hayır
3800,70,1+1,1,5-10,Kombi Doğalgaz,Yok,Eşyalı,Hayır
14000,60,1+1,1,4,Merkezi (Pay Ölçer),Yok,Eşyalı,Hayır
7000,136,3+1,1,21 Ve Üzeri,Merkezi (Pay Ölçer),Yok,Boş,Evet
7800,52,Stüdyo,1,1,Merkezi (Pay Ölçer),Yok,Eşyalı,Hayır
7500,135,3+1,2,11-15,Kombi Doğalgaz,Yok,Eşyalı,Hayır
6000,89,2+1,1,11-15,Kombi Doğalgaz,Yok,Eşyalı,Hayır
2000,95,2+1,2,21 Ve Üzeri,Kombi Doğalgaz,Yok,Boş,Hayır
2700,90,2+1,1,11-15,Kombi Doğalgaz,Yok,Boş,Hayır
4300,59,1+1,1,11-15,Kombi Doğalgaz,Yok,Eşyalı,Hayır
3500,80,2+1,1,21 Ve Üzeri,Kombi Doğalgaz,Var,Boş,Hayır
3600,120,3+1,1,11-15,Kombi Doğalgaz,Yok,Boş,Evet
20000,110,2+1,2,4,Merkezi (Pay Ölçer),Var,Eşyalı,Hayır
1750,79,1+1,1,11-15,Kombi Doğalgaz,Yok,Boş,Hayır
13000,60,1+1,1,3,Merkezi (Pay Ölçer),Yok,Eşyalı,Hayır
15000,101,3+1,2,5-10,Merkezi (Pay Ölçer),Yok,Boş,Hayır
18000,140,3+1,2,4,Merkezi (Pay Ölçer),Var,Boş,Hayır
17000,85,2+1,2,4,Yerden Isıtma,Var,Eşyalı,Hayır
12500,200,4+1,2,21 Ve Üzeri,Kombi Doğalgaz,Var,Boş,Hayır
20000,130,3+1,1,5-10,Merkezi (Pay Ölçer),Var,Boş,Hayır
15000,110,2+1,2,2,Merkezi (Pay Ölçer),Yok,Eşyalı,Hayır
15000,100,3+1,2,5-10,Merkezi (Pay Ölçer),Var,Boş,Evet
13000,75,1+1,1,0 (Yeni),Merkezi (Pay Ölçer),Var,Eşyalı,Evet
7000,60,1+1,2,0 (Yeni),Kombi Doğalgaz,Yok,Boş,Hayır
5000,90,2+1,1,5-10,Kombi Doğalgaz,Var,Eşyalı,Hayır
6500,60,1+1,2,0 (Yeni),Kombi Doğalgaz,Yok,Boş,Hayır
6500,60,1+1,2,0 (Yeni),Yerden Isıtma,Yok,Boş,Hayır
13000,75,1+1,1,0 (Yeni),Merkezi (Pay Ölçer),Var,Eşyalı,Evet
8000,180,4+1,1,21 Ve Üzeri,Kombi Doğalgaz,Yok,Boş,Hayır
8000,45,1+1,1,0 (Yeni),Merkezi (Pay Ölçer),Yok,Boş,Hayır
7500,42,Stüdyo,1,2,Merkezi (Pay Ölçer),Yok,Eşyalı,Hayır
9900,88,2+1,1,21 Ve Üzeri,Kombi Doğalgaz,Yok,Eşyalı,Hayır
9000,140,3+1,1,5-10,Kombi Doğalgaz,Yok,Eşyalı,Hayır
5500,160,3+1,1,5-10,Kombi Doğalgaz,Yok,Boş,Hayır
5800,120,3+1,1,11-15,Kombi Doğalgaz,Yok,Boş,Hayır
5000,90,2+1,1,11-15,Kombi Doğalgaz,Yok,Eşyalı,Hayır
4000,99,2+1,1,11-15,Kombi Doğalgaz,Yok,Boş,Hayır
5500,99,2+1,1,11-15,Kombi Doğalgaz,Yok,Eşyalı,Hayır
22000,170,3+1,2,5-10,Merkezi (Pay Ölçer),Var,Boş,Evet
7000,60,1+1,1,0 (Yeni),Kombi Doğalgaz,Yok,Boş,Hayır
7000,50,1+1,2,0 (Yeni),Kombi Doğalgaz,Yok,Boş,Hayır
9000,65,2+1,2,0 (Yeni),Kombi Doğalgaz,Yok,Boş,Hayır
9000,65,2+1,2,0 (Yeni),Kombi Doğalgaz,Yok,Boş,Hayır
18000,160,3+1,2,5-10,Merkezi (Pay Ölçer),Yok,Boş,Hayır
29500,110,3+1,2,5-10,Kombi Doğalgaz,Var,Boş,Hayır
22000,160,3+1,2,5-10,Merkezi (Pay Ölçer),Yok,Boş,Hayır
4500,115,2+1,2,11-15,Kombi Doğalgaz,Var,Boş,Hayır
10000,95,2+1,2,21 Ve Üzeri,Kombi Doğalgaz,Yok,Eşyalı,Hayır
22000,170,4+1,2,21 Ve Üzeri,Merkezi (Pay Ölçer),Yok,Eşyalı,Hayır
33000,170,3+1,3,11-15,Kombi Doğalgaz,Var,Boş,Evet
30500,172,4+1,2,5-10,Merkezi (Pay Ölçer),Yok,Eşyalı,Hayır
25000,165,4+1,3,4,Merkezi (Pay Ölçer),Yok,Boş,Hayır
13000,75,1+1,1,0 (Yeni),Merkezi (Pay Ölçer),Var,Eşyalı,Evet
3000,120,3+1,1,11-15,Kombi Doğalgaz,Yok,Boş,Hayır
5500,140,3+1,1,5-10,Kombi Doğalgaz,Yok,Boş,Hayır
8500,100,3+1,1,21 Ve Üzeri,Kombi Doğalgaz,Var,Boş,Hayır
7500,170,4+1,2,21 Ve Üzeri,Kombi Doğalgaz,Var,Boş,Hayır
5000,150,4+1,1,21 Ve Üzeri,Kombi Doğalgaz,Var,Boş,Hayır
16000,150,6+1,2,11-15,Kombi Doğalgaz,Var,Boş,Hayır
5600,125,3+1,2,21 Ve Üzeri,Kombi Doğalgaz,Var,Boş,Hayır
15000,75,1+1,1,4,Merkezi (Pay Ölçer),Var,Eşyalı,Hayır
12000,179,3+1,2,11-15,Kombi Doğalgaz,Yok,Boş,Hayır
17500,150,3+2,3,5-10,Yerden Isıtma,Yok,Boş,Hayır
2000,80,2+1,1,11-15,Kombi Doğalgaz,Yok,Boş,Hayır
12000,120,2+1,2,5-10,Kombi Doğalgaz,Yok,Eşyalı,Hayır
3500,100,2+1,1,11-15,Kombi Doğalgaz,Yok,Boş,Hayır
15000,60,1+1,1,5-10,Merkezi (Pay Ölçer),Yok,Eşyalı,Hayır
15000,180,3+1,2,2,Merkezi (Pay Ölçer),Yok,Boş,Hayır
4500,90,2+1,1,11-15,Kombi Doğalgaz,Yok,Eşyalı,Hayır
33500,180,3+1,2,4,Merkezi (Pay Ölçer),Var,Eşyalı,Hayır
3000,85,2+1,1,21 Ve Üzeri,Kombi Doğalgaz,Yok,Boş,Hayır
25000,150,3+1,2,4,Merkezi (Pay Ölçer),Yok,Eşyalı,Hayır
27500,109,3+1,2,11-15,Merkezi (Pay Ölçer),Var,Boş,Evet
27500,109,3+1,2,11-15,Merkezi (Pay Ölçer),Var,Boş,Evet
20000,120,2+1,1,21 Ve Üzeri,Kombi Doğalgaz,Var,Boş,Hayır
27500,109,3+1,2,11-15,Merkezi (Pay Ölçer),Var,Boş,Evet
16000,120,2+1,2,4,Merkezi (Pay Ölçer),Yok,Boş,Hayır
28000,168,3+1,2,5-10,Merkezi (Pay Ölçer),Yok,Eşyalı,Hayır
22000,164,3+1,2,4,Yerden Isıtma,Yok,Boş,Hayır
22500,164,3+1,2,4,Merkezi (Pay Ölçer),Yok,Boş,Hayır
11000,55,1+1,1,5-10,Merkezi (Pay Ölçer),Var,Boş,Evet
18000,100,2+1,2,5-10,Merkezi (Pay Ölçer),Var,Boş,Evet
15000,101,3+1,2,0 (Yeni),Doğalgaz Sobalı,Yok,Boş,Hayır
48000,220,4+1,2,11-15,Kombi Doğalgaz,Yok,Eşyalı,Hayır
11000,55,1+1,1,5-10,Merkezi (Pay Ölçer),Var,Boş,Evet
27500,109,3+1,2,11-15,Merkezi (Pay Ölçer),Var,Boş,Evet
11000,55,1+1,1,5-10,Merkezi (Pay Ölçer),Var,Boş,Evet
5000,90,2+1,1,21 Ve Üzeri,Kombi Doğalgaz,Yok,Eşyalı,Hayır
2500,85,2+1,1,11-15,Doğalgaz Sobalı,Var,Boş,Hayır
13000,80,1+1,1,5-10,Merkezi Doğalgaz,Yok,Eşyalı,Hayır
5500,90,2+1,1,21 Ve Üzeri,Kombi Doğalgaz,Yok,Boş,Hayır
16000,100,2+1,2,4,Merkezi (Pay Ölçer),Var,Eşyalı,Hayır
22500,180,3+1,1,0 (Yeni),Merkezi (Pay Ölçer),Var,Boş,Evet
8000,42,Stüdyo,1,2,Merkezi (Pay Ölçer),Yok,Eşyalı,Hayır
15000,120,3+1,2,5-10,Merkezi (Pay Ölçer),Yok,Eşyalı,Hayır
10500,71,2+1,1,5-10,Merkezi (Pay Ölçer),Yok,Boş,Hayır
22500,180,3+1,2,5-10,Merkezi (Pay Ölçer),Yok,Boş,Evet
13000,110,2+1,2,2,Merkezi (Pay Ölçer),Yok,Eşyalı,Hayır
22500,180,3+1,1,0 (Yeni),Merkezi (Pay Ölçer),Var,Boş,Evet
18500,250,4+2,2,5-10,Merkezi (Pay Ölçer),Var,Boş,Hayır
10000,200,4+1,2,0 (Yeni),Kombi Doğalgaz,Yok,Boş,Hayır
18500,250,4+2,2,11-15,Merkezi (Pay Ölçer),Var,Boş,Hayır
15000,74,2+1,1,0 (Yeni),Merkezi (Pay Ölçer),Yok,Eşyalı,Hayır
7500,90,3+1,1,21 Ve Üzeri,Kombi Doğalgaz,Yok,Boş,Hayır
11000,71,2+1,1,5-10,Merkezi (Pay Ölçer),Yok,Boş,Hayır
7000,150,3+1,2,21 Ve Üzeri,Kombi Doğalgaz,Yok,Boş,Hayır
9000,70,2+1,1,0 (Yeni),Kombi Doğalgaz,Yok,Boş,Hayır
9000,70,2+1,1,0 (Yeni),Kombi Doğalgaz,Yok,Boş,Hayır
12000,110,2+1,2,4,Merkezi (Pay Ölçer),Yok,Eşyalı,Hayır
7900,56,Stüdyo,1,1,Merkezi (Pay Ölçer),Yok,Eşyalı,Hayır
40000,200,4+1,2,21 Ve Üzeri,Kombi Doğalgaz,Yok,Eşyalı,Hayır
4150,105,3+1,1,11-15,Kombi Doğalgaz,Yok,Boş,Hayır
15000,150,3+1,2,5-10,Merkezi (Pay Ölçer),Yok,Boş,Hayır
35000,280,5+1,3,5-10,Yerden Isıtma,Yok,Boş,Hayır
8000,55,1+1,1,5-10,Yerden Isıtma,Yok,Boş,Hayır
27000,162,4+1,2,5-10,Merkezi (Pay Ölçer),Yok,Eşyalı,Hayır
13000,90,2+1,2,5-10,Merkezi Doğalgaz,Yok,Boş,Hayır
10000,85,2+1,2,0 (Yeni),Merkezi (Pay Ölçer),Yok,Boş,Hayır
35000,260,5+1,3,5-10,Merkezi (Pay Ölçer),Yok,Boş,Hayır
14000,110,2+1,2,2,Merkezi (Pay Ölçer),Yok,Eşyalı,Hayır
13500,110,2+1,2,2,Merkezi (Pay Ölçer),Yok,Eşyalı,Hayır
20000,150,3+1,2,4,Merkezi (Pay Ölçer),Yok,Eşyalı,Hayır
11000,55,1+1,1,5-10,Merkezi (Pay Ölçer),Yok,Boş,Evet
20000,135,3+1,2,5-10,Merkezi (Pay Ölçer),Yok,Boş,Hayır
25000,190,4+1,3,5-10,Merkezi (Pay Ölçer),Yok,Boş,Hayır
11500,100,3+1,1,0 (Yeni),Merkezi (Pay Ölçer),Yok,Boş,Hayır
11000,72,2+1,1,0 (Yeni),Merkezi (Pay Ölçer),Yok,Boş,Hayır
10000,72,2+1,1,0 (Yeni),Yerden Isıtma,Yok,Boş,Hayır
18500,110,2+1,2,5-10,Kombi Doğalgaz,Yok,Eşyalı,Hayır
18500,110,2+1,2,5-10,Yerden Isıtma,Yok,Eşyalı,Hayır
10000,70,1+1,1,1,Merkezi (Pay Ölçer),Yok,Eşyalı,Hayır
3500,50,1+1,1,21 Ve Üzeri,Kombi Doğalgaz,Yok,Boş,Hayır
18000,140,2+1,2,4,Merkezi (Pay Ölçer),Yok,Eşyalı,Hayır
18000,90,2+1,2,5-10,Merkezi (Pay Ölçer),Yok,Eşyalı,Hayır
17000,100,2+1,1,5-10,Kombi Doğalgaz,Yok,Boş,Hayır
17000,100,2+1,1,5-10,Kombi Doğalgaz,Yok,Boş,Hayır
9000,76,2+1,1,0 (Yeni),Merkezi (Pay Ölçer),Yok,Boş,Hayır
17000,100,2+1,2,11-15,Kombi Doğalgaz,Yok,Boş,Hayır
17000,100,2+1,2,11-15,Kombi Doğalgaz,Yok,Boş,Hayır
9000,76,2+1,1,0 (Yeni),Merkezi (Pay Ölçer),Yok,Boş,Hayır
12800,110,2+1,2,2,Merkezi (Pay Ölçer),Yok,Eşyalı,Hayır
17000,105,2+1,1,11-15,Kombi Doğalgaz,Yok,Boş,Hayır
40000,200,4+1,3,5-10,Kombi Doğalgaz,Yok,Boş,Hayır
10000,86,2+1,2,0 (Yeni),Merkezi (Pay Ölçer),Yok,Boş,Hayır
4500,135,2+1,1,21 Ve Üzeri,Kombi Doğalgaz,Yok,Boş,Hayır
5500,180,4+2,3,11-15,Kombi Doğalgaz,Var,Boş,Evet
6000,120,2+1,2,21 Ve Üzeri,Kombi Doğalgaz,Yok,Boş,Hayır
17000,140,3+1,2,5-10,Yerden Isıtma,Yok,Boş,Hayır
39000,180,3+1,3,4,Merkezi (Pay Ölçer),Yok,Eşyalı,Hayır
12000,80,2+1,1,21 Ve Üzeri,Kombi Doğalgaz,Yok,Boş,Hayır
33500,175,3+1,2,4,Merkezi (Pay Ölçer),Yok,Eşyalı,Hayır
29000,170,3+1,2,4,Merkezi (Pay Ölçer),Yok,Eşyalı,Hayır
11500,55,Stüdyo,1,5-10,Merkezi (Pay Ölçer),Yok,Eşyalı,Hayır
20000,180,4+1,2,0 (Yeni),Merkezi (Pay Ölçer),Yok,Boş,Hayır
13000,130,3+1,2,0 (Yeni),Merkezi (Pay Ölçer),Yok,Boş,Hayır
18000,150,4+1,2,0 (Yeni),Merkezi (Pay Ölçer),Yok,Boş,Hayır
18000,130,3+1,2,0 (Yeni),Merkezi (Pay Ölçer),Yok,Boş,Hayır
20000,155,4+1,2,0 (Yeni),Merkezi (Pay Ölçer),Yok,Boş,Hayır
18000,145,3+1,2,5-10,Yerden Isıtma,Yok,Boş,Hayır
19000,165,4+1,2,0 (Yeni),Merkezi (Pay Ölçer),Yok,Boş,Hayır
19500,157,4+1,2,0 (Yeni),Merkezi (Pay Ölçer),Yok,Boş,Hayır
20000,240,4+1,2,5-10,Merkezi (Pay Ölçer),Yok,Boş,Hayır
8450,79,2+1,1,0 (Yeni),Merkezi (Pay Ölçer),Yok,Boş,Hayır
8500,75,2+1,1,1,Merkezi (Pay Ölçer),Yok,Boş,Hayır
20000,150,3+1,2,5-10,Merkezi (Pay Ölçer),Yok,Boş,Hayır
13000,90,2+1,2,4,Merkezi (Pay Ölçer),Yok,Eşyalı,Hayır
14000,90,2+1,2,4,Merkezi (Pay Ölçer),Yok,Eşyalı,Hayır
36000,200,3+1,4,2,Yerden Isıtma,Yok,Boş,Hayır
12000,140,3+1,2,11-15,Kombi Doğalgaz,Yok,Eşyalı,Hayır
12000,105,3+1,2,0 (Yeni),Merkezi (Pay Ölçer),Yok,Boş,Hayır
12000,105,3+1,2,5-10,Merkezi (Pay Ölçer),Yok,Boş,Hayır
5250,44,1+1,1,0 (Yeni),Merkezi (Pay Ölçer),Yok,Boş,Hayır
13000,110,3+1,1,0 (Yeni),Merkezi (Pay Ölçer),Yok,Boş,Hayır
13000,105,3+1,2,0 (Yeni),Merkezi (Pay Ölçer),Yok,Boş,Hayır
20000,131,3+1,2,0 (Yeni),Merkezi (Pay Ölçer),Yok,Boş,Hayır
5500,199,4+2,3,11-15,Kombi Doğalgaz,Yok,Boş,Hayır
5000,100,2+1,1,11-15,Kombi Doğalgaz,Yok,Eşyalı,Hayır
8000,75,2+1,1,0 (Yeni),Yerden Isıtma,Yok,Boş,Hayır
10000,90,2+1,1,21 Ve Üzeri,Kombi Doğalgaz,Yok,Eşyalı,Hayır
10000,105,2+1,2,11-15,Kombi Doğalgaz,Yok,Eşyalı,Hayır
25000,121,3+1,2,4,Merkezi (Pay Ölçer),Yok,Eşyalı,Hayır
12500,105,3+1,2,0 (Yeni),Merkezi (Pay Ölçer),Yok,Boş,Hayır
18000,115,2+1,2,4,Merkezi (Pay Ölçer),Yok,Eşyalı,Hayır
6000,125,2+1,1,21 Ve Üzeri,Kombi Doğalgaz,Yok,Boş,Hayır
18000,155,3+1,2,0 (Yeni),Merkezi (Pay Ölçer),Yok,Boş,Hayır
30000,175,3+1,2,11-15,Kombi Doğalgaz,Yok,Eşyalı,Hayır
12000,101,3+1,2,0 (Yeni),Merkezi (Pay Ölçer),Yok,Boş,Hayır
30000,170,3+1,2,5-10,Kombi Doğalgaz,Yok,Boş,Hayır
23000,176,3+1,2,11-15,Kombi Doğalgaz,Yok,Boş,Hayır
23000,180,3+1,2,11-15,Kombi Doğalgaz,Yok,Boş,Hayır
23000,176,3+1,2,11-15,Kombi Doğalgaz,Yok,Boş,Hayır
30000,176,3+1,1,11-15,Kombi Doğalgaz,Yok,Boş,Hayır
23000,165,3+1,3,5-10,Kombi Doğalgaz,Yok,Boş,Hayır
23000,176,3+1,2,11-15,Kombi Doğalgaz,Yok,Boş,Hayır
23000,176,3+1,2,11-15,Kombi Doğalgaz,Yok,Boş,Hayır
23000,176,3+1,2,5-10,Kombi Doğalgaz,Yok,Boş,Hayır
10000,102,3+1,2,0 (Yeni),Merkezi (Pay Ölçer),Yok,Boş,Hayır
30000,176,3+1,2,11-15,Kombi Doğalgaz,Yok,Eşyalı,Hayır
12000,135,3+1,2,0 (Yeni),Merkezi (Pay Ölçer),Yok,Boş,Hayır
23000,160,3+1,3,11-15,Kombi Doğalgaz,Yok,Boş,Hayır
22000,165,3+1,2,11-15,Kombi Doğalgaz,Yok,Boş,Hayır
23250,162,3+1,2,11-15,Kombi Doğalgaz,Yok,Boş,Hayır
12500,100,2+1,1,11-15,Kombi Doğalgaz,Yok,Eşyalı,Hayır
12000,120,3+1,2,11-15,Merkezi Doğalgaz,Yok,Eşyalı,Hayır
28000,160,4+1,2,4,Merkezi (Pay Ölçer),Yok,Boş,Hayır
7000,72,2+1,1,0 (Yeni),Merkezi (Pay Ölçer),Yok,Boş,Hayır
18000,135,3+1,2,0 (Yeni),Merkezi (Pay Ölçer),Yok,Boş,Hayır
12400,135,3+1,2,0 (Yeni),Merkezi (Pay Ölçer),Yok,Boş,Hayır
15000,135,3+1,2,0 (Yeni),Merkezi (Pay Ölçer),Yok,Boş,Hayır
17000,146,3+1,2,4,Merkezi (Pay Ölçer),Yok,Boş,Hayır
12000,100,3+1,2,0 (Yeni),Merkezi (Pay Ölçer),Yok,Boş,Hayır
12500,100,3+1,2,0 (Yeni),Merkezi (Pay Ölçer),Yok,Boş,Hayır
8000,90,2+1,2,5-10,Merkezi (Pay Ölçer),Yok,Boş,Hayır
39000,185,5+1,4,3,Merkezi (Pay Ölçer),Yok,Boş,Hayır
11000,110,3+1,1,11-15,Kombi Doğalgaz,Yok,Boş,Hayır
25250,145,3+1,2,4,Yerden Isıtma,Yok,Boş,Hayır
7250,72,2+1,1,0 (Yeni),Merkezi (Pay Ölçer),Yok,Boş,Hayır
30000,165,4+1,2,5-10,Yerden Isıtma,Yok,Eşyalı,Hayır
8000,110,2+1,2,2,Merkezi (Pay Ölçer),Yok,Boş,Hayır
5400,65,1+1,1,5-10,Isıtma Yok,Yok,Boş,Hayır
6000,55,1+1,1,5-10,Yerden Isıtma,Yok,Boş,Hayır
12500,135,4+1,2,0 (Yeni),Merkezi (Pay Ölçer),Yok,Boş,Hayır
17000,122,3+1,2,5-10,Yerden Isıtma,Yok,Boş,Hayır
7800,60,1+1,1,5-10,Yerden Isıtma,Yok,Eşyalı,Hayır
12450,140,3+1,2,5-10,Merkezi (Pay Ölçer),Yok,Boş,Hayır
19000,175,4+1,3,5-10,Klimalı,Yok,Boş,Hayır
22500,98,2+1,2,5-10,Yerden Isıtma,Yok,Eşyalı,Hayır
8250,70,1+1,1,3,Yerden Isıtma,Yok,Eşyalı,Hayır
7500,78,2+1,1,0 (Yeni),Merkezi (Pay Ölçer),Yok,Boş,Hayır
13000,100,3+1,2,0 (Yeni),Yerden Isıtma,Yok,Boş,Hayır
11000,100,3+1,1,0 (Yeni),Yerden Isıtma,Yok,Boş,Hayır
8250,60,1+1,1,5-10,Yerden Isıtma,Yok,Eşyalı,Hayır
17000,140,3+1,2,5-10,Yerden Isıtma,Yok,Boş,Hayır
6500,61,1+1,1,5-10,Yerden Isıtma,Yok,Boş,Hayır
6500,65,1+1,1,5-10,Yerden Isıtma,Yok,Eşyalı,Hayır
10000,100,3+1,2,0 (Yeni),Yerden Isıtma,Yok,Boş,Hayır
20000,190,4+1,2,5-10,Merkezi (Pay Ölçer),Yok,Boş,Hayır
17000,180,4+1,2,0 (Yeni),Yerden Isıtma,Yok,Boş,Hayır
20000,137,1 Oda,1,5-10,Klimalı,Yok,Boş,Hayır
12500,100,2+1,1,5-10,Kombi Doğalgaz,Yok,Eşyalı,Hayır
2500,130,3+1,1,21 Ve Üzeri,Kombi Doğalgaz,Yok,Boş,Hayır
4500,125,2+1,2,21 Ve Üzeri,Kombi Doğalgaz,Yok,Eşyalı,Hayır
15250,99,2+1,2,3,Merkezi (Pay Ölçer),Yok,Eşyalı,Hayır
17750,52,1+1,1,3,Merkezi (Pay Ölçer),Yok,Eşyalı,Hayır
15000,120,2+1,2,11-15,Kombi Doğalgaz,Yok,Eşyalı,Hayır
2250,75,1+1,1,21 Ve Üzeri,Kombi Doğalgaz,Yok,Eşyalı,Hayır
5000,75,2+1,1,11-15,Kombi Doğalgaz,Yok,Boş,Hayır
