﻿Kira,Alan,Oda Sayısı,Banyo Sayısı,Bina Yaşı,Isıtma Tipi,Balkon Durumu,Eşya Durumu,Site İçerisinde
4500,90,2+1,1,21 Ve Üzeri,Kombi Doğalgaz,Var,Boş,Hayır
4000,88,2+1,1,21 Ve Üzeri,Kombi Doğalgaz,Yok,Boş,Hayır
5500,90,2+1,1,5-10,Kombi Doğalgaz,Var,Boş,Hayır
13000,230,4+2,2,0 (Yeni),Kombi Doğalgaz,Yok,Boş,Hayır
3600,75,2+1,1,21 Ve Üzeri,Kombi Doğalgaz,Yok,Boş,Hayır
2950,100,2+1,1,21 Ve Üzeri,Kombi Doğalgaz,Yok,Boş,Hayır
3800,60,2+1,1,21 Ve Üzeri,Kombi Doğalgaz,Var,Boş,Hayır
5500,85,2+1,1,21 Ve Üzeri,Kombi Doğalgaz,Var,Boş,Hayır
7000,100,3+1,1,0 (Yeni),Kombi Doğalgaz,Var,Boş,Hayır
6000,125,3+1,1,21 Ve Üzeri,Merkezi Doğalgaz,Yok,Boş,Hayır
4250,85,3+1,1,21 Ve Üzeri,Kombi Doğalgaz,Yok,Boş,Hayır
35000,280,5+1,5,11-15,Merkezi (Pay Ölçer),Yok,Boş,Hayır
5000,80,2+1,1,21 Ve Üzeri,Kombi Doğalgaz,Yok,Eşyalı,Hayır
4250,110,3+1,1,21 Ve Üzeri,Kombi Doğalgaz,Yok,Boş,Hayır
4000,80,2+1,1,4,Kombi Doğalgaz,Yok,Boş,Hayır
14000,222,4.5+1,3,0 (Yeni),Kombi Doğalgaz,Yok,Boş,Hayır
5000,80,2+1,1,21 Ve Üzeri,Kombi Doğalgaz,Var,Boş,Hayır
3250,85,2+1,1,21 Ve Üzeri,Kombi Doğalgaz,Var,Boş,Hayır
4200,130,3+1,2,16-20,Kombi Doğalgaz,Yok,Boş,Hayır
4500,130,3+1,2,21 Ve Üzeri,Kombi Doğalgaz,Yok,Boş,Hayır
2650,65,2+1,1,21 Ve Üzeri,Kombi Doğalgaz,Yok,Boş,Hayır
4300,125,3+1,2,21 Ve Üzeri,Kombi Doğalgaz,Yok,Boş,Hayır
5800,95,2+1,2,0 (Yeni),Kombi Doğalgaz,Yok,Boş,Hayır
30000,161,4+1,3,0 (Yeni),Merkezi (Pay Ölçer),Yok,Boş,Hayır
26500,170,4+1,3,0 (Yeni),Merkezi (Pay Ölçer),Yok,Boş,Hayır
35000,170,4+1,3,0 (Yeni),Merkezi (Pay Ölçer),Yok,Boş,Hayır
6650,125,3+1,1,16-20,Merkezi (Pay Ölçer),Yok,Boş,Hayır
6650,80,2+1,2,5-10,Kombi Doğalgaz,Yok,Boş,Hayır
6600,66,2+1,1,5-10,Kombi Doğalgaz,Yok,Eşyalı,Hayır
3250,60,1+1,1,21 Ve Üzeri,Kombi Doğalgaz,Yok,Boş,Hayır
18500,130,3+1,1,0 (Yeni),Kombi Doğalgaz,Yok,Boş,Hayır
4600,95,3+1,2,0 (Yeni),Kombi Doğalgaz,Yok,Boş,Hayır
7000,120,3+1,1,21 Ve Üzeri,Kombi Doğalgaz,Var,Boş,Hayır
8000,190,4+1,2,21 Ve Üzeri,Kombi Doğalgaz,Yok,Boş,Hayır
4000,75,2+1,1,21 Ve Üzeri,Kombi Doğalgaz,Yok,Eşyalı,Hayır
4500,100,3+1,2,21 Ve Üzeri,Merkezi Doğalgaz,Yok,Boş,Hayır
15000,200,4+2,3,0 (Yeni),Kombi Doğalgaz,Yok,Boş,Hayır
7500,120,3+1,2,0 (Yeni),Kombi Doğalgaz,Yok,Boş,Hayır
9999,140,3+1,2,21 Ve Üzeri,Kombi Doğalgaz,Var,Boş,Hayır
3750,55,2+1,1,21 Ve Üzeri,Merkezi Doğalgaz,Yok,Boş,Hayır
4500,80,2+1,1,0 (Yeni),Kombi Doğalgaz,Yok,Boş,Hayır
5600,110,3+1,1,21 Ve Üzeri,Kombi Doğalgaz,Var,Boş,Hayır
4000,75,2+1,1,21 Ve Üzeri,Kombi Doğalgaz,Var,Eşyalı,Hayır
5100,110,3+1,2,21 Ve Üzeri,Kombi Doğalgaz,Yok,Boş,Hayır
12000,95,3+1,2,0 (Yeni),Kombi Doğalgaz,Yok,Boş,Hayır
8000,230,4+2,2,16-20,Kombi Doğalgaz,Yok,Boş,Hayır
14000,56,1+1,1,0 (Yeni),Merkezi (Pay Ölçer),Yok,Eşyalı,Hayır
7000,85,2.5+1,2,0 (Yeni),Kombi Doğalgaz,Yok,Boş,Hayır
5500,100,2+1,1,21 Ve Üzeri,Merkezi Doğalgaz,Yok,Boş,Hayır
6500,83,2+1,2,2,Kombi Doğalgaz,Yok,Boş,Hayır
10000,130,3+1,1,0 (Yeni),Kombi Doğalgaz,Yok,Boş,Hayır
8500,100,3+1,2,0 (Yeni),Kombi Doğalgaz,Yok,Boş,Hayır
9000,160,3+1,2,0 (Yeni),Kombi Doğalgaz,Yok,Boş,Hayır
8500,142,3+1,2,0 (Yeni),Kombi Doğalgaz,Yok,Boş,Hayır
12000,120,3+1,1,21 Ve Üzeri,Kombi Doğalgaz,Yok,Boş,Hayır
6000,85,2+1,1,0 (Yeni),Kombi Doğalgaz,Yok,Boş,Hayır
13500,200,5+1,3,0 (Yeni),Kombi Doğalgaz,Yok,Boş,Hayır
5000,125,3+1,1,21 Ve Üzeri,Kombi Doğalgaz,Yok,Boş,Hayır
13500,200,5+1,3,1,Kombi Doğalgaz,Yok,Boş,Hayır
5750,115,3+1,2,21 Ve Üzeri,Kombi Doğalgaz,Yok,Boş,Hayır
5000,60,2+1,1,0 (Yeni),Kombi Doğalgaz,Yok,Boş,Hayır
3500,80,2+1,1,0 (Yeni),Kombi Doğalgaz,Yok,Boş,Hayır
3500,80,2+1,1,21 Ve Üzeri,Kombi Doğalgaz,Yok,Boş,Hayır
4750,110,3+1,1,21 Ve Üzeri,Merkezi (Pay Ölçer),Var,Boş,Evet
3950,100,3+1,2,21 Ve Üzeri,Kombi Doğalgaz,Var,Boş,Hayır
10500,100,2+1,1,21 Ve Üzeri,Kombi Doğalgaz,Yok,Boş,Hayır
4000,75,2+1,1,21 Ve Üzeri,Isıtma Yok,Var,Eşyalı,Hayır
4800,110,3+1,1,21 Ve Üzeri,Kombi Doğalgaz,Yok,Boş,Hayır
2750,45,1+1,1,0 (Yeni),Kombi Doğalgaz,Yok,Boş,Hayır
4600,120,3+1,1,11-15,Kombi Doğalgaz,Yok,Boş,Hayır
3900,115,3+1,1,21 Ve Üzeri,Kombi Doğalgaz,Yok,Boş,Hayır
4000,90,2+1,2,11-15,Kombi Doğalgaz,Var,Boş,Evet
11500,200,4+1,3,3,Kombi Doğalgaz,Yok,Boş,Hayır
4000,50,1+1,1,0 (Yeni),Kombi Doğalgaz,Yok,Boş,Hayır
11500,200,4+1,3,3,Kombi Doğalgaz,Yok,Boş,Hayır
3750,130,3+1,2,11-15,Kombi Doğalgaz,Yok,Boş,Hayır
5000,140,3+1,2,11-15,Yerden Isıtma,Yok,Boş,Hayır
5000,100,3+1,1,3,Kombi Doğalgaz,Yok,Boş,Hayır
5500,135,3+1,1,11-15,Kombi Doğalgaz,Yok,Boş,Hayır
3500,120,3+1,1,11-15,Kombi Doğalgaz,Yok,Boş,Hayır
4500,120,3+1,1,11-15,Kombi Doğalgaz,Yok,Boş,Hayır
5500,120,3+1,1,11-15,Kombi Doğalgaz,Yok,Boş,Hayır
4800,110,3+1,1,21 Ve Üzeri,Kombi Doğalgaz,Yok,Boş,Hayır
12000,190,4+2,3,21 Ve Üzeri,Kombi Doğalgaz,Var,Boş,Hayır
4500,130,1+1,1,11-15,Isıtma Yok,Yok,Boş,Hayır
8500,190,5+1,1,11-15,Kombi Doğalgaz,Yok,Boş,Hayır
5500,130,3+1,1,11-15,Kombi Doğalgaz,Yok,Boş,Hayır
4000,85,2+1,1,21 Ve Üzeri,Kombi Doğalgaz,Var,Eşyalı,Hayır
4800,110,3+1,1,21 Ve Üzeri,Kombi Doğalgaz,Yok,Boş,Hayır
8000,230,4+2,2,11-15,Kombi Doğalgaz,Var,Boş,Hayır
5000,130,3+1,1,21 Ve Üzeri,Kombi Doğalgaz,Yok,Boş,Hayır
18000,96,3+1,2,0 (Yeni),Kombi Doğalgaz,Yok,Boş,Hayır
1750,15,Stüdyo,1,4,Merkezi Doğalgaz,Yok,Eşyalı,Hayır
1850,15,1 Oda,1,1,Merkezi Doğalgaz,Yok,Boş,Hayır
1700,15,1 Oda,1,1,Merkezi Doğalgaz,Yok,Eşyalı,Hayır
40000,145,3+1,2,0 (Yeni),Merkezi (Pay Ölçer),Yok,Eşyalı,Evet
